"RK",TIERS,"PLAYER NAME",TEAM,"POS","BYE WEEK","UPSIDE ","BUST ","SOS SEASON","ECR VS. ADP"
"1",1,"Jahmyr Gibbs",DET,"RB1","6","Coach Upside rating","Coach Bust rating","5 out of 5 stars","+1"
"2",1,"Bijan Robinson",ATL,"RB2","11","Coach Upside rating","Coach Bust rating","2 out of 5 stars","-1"
"3",1,"Ja'Marr Chase",CIN,"WR1","6","Coach Upside rating","Coach Bust rating","4 out of 5 stars","+3"
"4",1,"Puka Nacua",LAR,"WR2","11","Coach Upside rating","Coach Bust rating","1 out of 5 stars","+4"
"5",1,"Jaxon Smith-Njigba",SEA,"WR3","11","Coach Upside rating","Coach Bust rating","3 out of 5 stars","+4"
"6",2,"Amon-Ra St. Brown",DET,"WR4","6","Coach Upside rating","Coach Bust rating","4 out of 5 stars","+10"
"7",2,"Jonathan Taylor",IND,"RB3","13","Coach Upside rating","Coach Bust rating","4 out of 5 stars","-4"
"8",2,"Christian McCaffrey",SF,"RB4","8","Coach Upside rating","Coach Bust rating","2 out of 5 stars","-4"
"9",2,"CeeDee Lamb",DAL,"WR5","14","Coach Upside rating","Coach Bust rating","2 out of 5 stars","+5"
"10",2,"James Cook III",BUF,"RB5","7","Coach Upside rating","Coach Bust rating","2 out of 5 stars","-5"
"11",2,"Justin Jefferson",MIN,"WR6","6","Coach Upside rating","Coach Bust rating","5 out of 5 stars","+7"
"12",3,"Nico Collins",HOU,"WR7","8","Coach Upside rating","Coach Bust rating","3 out of 5 stars","+14"
"13",3,"Derrick Henry",BAL,"RB6","13","Coach Upside rating","Coach Bust rating","3 out of 5 stars","+11"
"14",3,"A.J. Brown",NE,"WR8","11","Coach Upside rating","Coach Bust rating","2 out of 5 stars","+20"
"15",3,"Drake London",ATL,"WR9","11","Coach Upside rating","Coach Bust rating","3 out of 5 stars","+4"
"16",3,"Brock Bowers",LV,"TE1","13","Coach Upside rating","Coach Bust rating","3 out of 5 stars","+14"
"17",3,"Ashton Jeanty",LV,"RB7","13","Coach Upside rating","Coach Bust rating","2 out of 5 stars","-6"
"18",3,"Saquon Barkley",PHI,"RB8","10","Coach Upside rating","Coach Bust rating","4 out of 5 stars","-5"
"19",3,"George Pickens",DAL,"WR10","14","Coach Upside rating","Coach Bust rating","2 out of 5 stars","+9"
"20",3,"Omarion Hampton",LAC,"RB9","7","Coach Upside rating","Coach Bust rating","3 out of 5 stars","-8"
"21",4,"Trey McBride",ARI,"TE2","14","Coach Upside rating","Coach Bust rating","2 out of 5 stars","0"
"22",4,"De'Von Achane",MIA,"RB10","6","Coach Upside rating","Coach Bust rating","3 out of 5 stars","-12"
"23",4,"Josh Allen",BUF,"QB1","7","Coach Upside rating","Coach Bust rating","3 out of 5 stars","+8"
"24",4,"Kenneth Walker III",KC,"RB11","5","Coach Upside rating","Coach Bust rating","3 out of 5 stars","-17"
"25",4,"Chase Brown",CIN,"RB12","6","Coach Upside rating","Coach Bust rating","2 out of 5 stars","-8"
"26",4,"Chris Olave",NO,"WR11","8","Coach Upside rating","Coach Bust rating","3 out of 5 stars","+6"
"",4
"27",4,"Rashee Rice",KC,"WR12","5","Coach Upside rating","Coach Bust rating","2 out of 5 stars","+8"
"28",4,"Tee Higgins",CIN,"WR13","6","Coach Upside rating","Coach Bust rating","4 out of 5 stars","+8"
"29",4,"Lamar Jackson",BAL,"QB2","13","Coach Upside rating","Coach Bust rating","3 out of 5 stars","+13"
"30",4,"Kyren Williams",LAR,"RB13","11","Coach Upside rating","Coach Bust rating","5 out of 5 stars","-5"
"31",4,"Drake Maye",NE,"QB3","11","Coach Upside rating","Coach Bust rating","2 out of 5 stars","+21"
"32",4,"Tetairoa McMillan",CAR,"WR14","5","Coach Upside rating","Coach Bust rating","2 out of 5 stars","+6"
"33",4,"Zay Flowers",BAL,"WR15","13","Coach Upside rating","Coach Bust rating","4 out of 5 stars","+20"
"34",4,"DeVonta Smith",PHI,"WR16","10","Coach Upside rating","Coach Bust rating","4 out of 5 stars","+22"
"35",4,"Josh Jacobs",GB,"RB14","11","Coach Upside rating","Coach Bust rating","4 out of 5 stars","-15"
"36",5,"Emeka Egbuka",TB,"WR17","10","Coach Upside rating","Coach Bust rating","4 out of 5 stars","+21"
"37",5,"Javonte Williams",DAL,"RB15","14","Coach Upside rating","Coach Bust rating","4 out of 5 stars","-4"
"38",5,"Colston Loveland",CHI,"TE3","10","Coach Upside rating","Coach Bust rating","2 out of 5 stars","+13"
"39",5,"Breece Hall",NYJ,"RB16","13","Coach Upside rating","Coach Bust rating","3 out of 5 stars","-12"
"40",5,"Joe Burrow",CIN,"QB4","6","Coach Upside rating","Coach Bust rating","3 out of 5 stars","+23"
"41",5,"Jeremiyah Love",ARI,"RB17","14","Coach Upside rating","Coach Bust rating","2 out of 5 stars","-26"
"42",5,"Davante Adams",LAR,"WR18","11","Coach Upside rating","Coach Bust rating","1 out of 5 stars","+5"
"43",5,"Jameson Williams",DET,"WR19","6","Coach Upside rating","Coach Bust rating","4 out of 5 stars","+12"
"44",5,"Malik Nabers",NYG,"WR20","8","Coach Upside rating","Coach Bust rating","4 out of 5 stars","-21"
"45",5,"Ladd McConkey",LAC,"WR21","7","Coach Upside rating","Coach Bust rating","2 out of 5 stars","+3"
"46",5,"Terry McLaurin",WAS,"WR22","7","Coach Upside rating","Coach Bust rating","2 out of 5 stars","+12"
"47",5,"Jaylen Waddle",DEN,"WR23","10","Coach Upside rating","Coach Bust rating","2 out of 5 stars","-3"
"48",5,"Travis Etienne Jr.",NO,"RB18","8","Coach Upside rating","Coach Bust rating","3 out of 5 stars","-19"
"49",5,"Christian Watson",GB,"WR24","11","Coach Upside rating","Coach Bust rating","5 out of 5 stars","+19"
"50",5,"Garrett Wilson",NYJ,"WR25","13","Coach Upside rating","Coach Bust rating","4 out of 5 stars","-11"
"51",6,"Jayden Daniels",WAS,"QB5","7","Coach Upside rating","Coach Bust rating","2 out of 5 stars","+19"
"52",6,"Cam Skattebo",NYG,"RB19","8","Coach Upside rating","Coach Bust rating","4 out of 5 stars","-9"
"53",6,"Luther Burden III",CHI,"WR26","10","Coach Upside rating","Coach Bust rating","3 out of 5 stars","-13"
"54",6,"Quinshon Judkins",CLE,"RB20","11","Coach Upside rating","Coach Bust rating","3 out of 5 stars","-8"
"55",6,"Bucky Irving",TB,"RB21","10","Coach Upside rating","Coach Bust rating","2 out of 5 stars","-33"
"56",6,"Mike Evans",SF,"WR27","8","Coach Upside rating","Coach Bust rating","2 out of 5 stars","+6"
"57",6,"Jalen Hurts",PHI,"QB6","10","Coach Upside rating","Coach Bust rating","5 out of 5 stars","+17"
"58",6,"D'Andre Swift",CHI,"RB22","10","Coach Upside rating","Coach Bust rating","2 out of 5 stars","-9"
"59",6,"Tucker Kraft",GB,"TE4","11","Coach Upside rating","Coach Bust rating","2 out of 5 stars","+17"
"60",6,"Rome Odunze",CHI,"WR28","10","Coach Upside rating","Coach Bust rating","3 out of 5 stars","+12"
"61",6,"David Montgomery",HOU,"RB23","8","Coach Upside rating","Coach Bust rating","4 out of 5 stars","-11"
"62",6,"TreVeyon Henderson",NE,"RB24","11","Coach Upside rating","Coach Bust rating","2 out of 5 stars","-25"
"63",6,"DJ Moore",BUF,"WR29","7","Coach Upside rating","Coach Bust rating","4 out of 5 stars","-2"
"64",6,"Tyler Warren",IND,"TE5","13","Coach Upside rating","Coach Bust rating","3 out of 5 stars","-5"
"65",6,"Bhayshul Tuten",JAC,"RB25","7","Coach Upside rating","Coach Bust rating","4 out of 5 stars","-20"
"66",6,"Caleb Williams",CHI,"QB7","10","Coach Upside rating","Coach Bust rating","3 out of 5 stars","+33"
"67",6,"Jadarian Price",SEA,"RB26","11","Coach Upside rating","Coach Bust rating","4 out of 5 stars","+45"
"68",6,"Justin Herbert",LAC,"QB8","7","Coach Upside rating","Coach Bust rating","2 out of 5 stars","+26"
"69",7,"Marvin Harrison Jr.",ARI,"WR30","14","Coach Upside rating","Coach Bust rating","2 out of 5 stars","+19"
"70",7,"Alec Pierce",IND,"WR31","13","Coach Upside rating","Coach Bust rating","4 out of 5 stars","+25"
"71",7,"Tony Pollard",TEN,"RB27","9","Coach Upside rating","Coach Bust rating","3 out of 5 stars","-4"
"72",7,"Trevor Lawrence",JAC,"QB9","7","Coach Upside rating","Coach Bust rating","4 out of 5 stars","+31"
"73",7,"Jaylen Warren",PIT,"RB28","9","Coach Upside rating","Coach Bust rating","2 out of 5 stars","-19"
"74",7,"DK Metcalf",PIT,"WR32","9","Coach Upside rating","Coach Bust rating","3 out of 5 stars","+5"
"75",7,"Carnell Tate",TEN,"WR33","9","Coach Upside rating","Coach Bust rating","3 out of 5 stars","-11"
"76",7,"Brian Thomas Jr.",JAC,"WR34","7","Coach Upside rating","Coach Bust rating","4 out of 5 stars","+8"
"77",7,"Dak Prescott",DAL,"QB10","14","Coach Upside rating","Coach Bust rating","2 out of 5 stars","+31"
"78",7,"Chuba Hubbard",CAR,"RB29","5","Coach Upside rating","Coach Bust rating","1 out of 5 stars","-7"
"79",7,"Courtland Sutton",DEN,"WR35","10","Coach Upside rating","Coach Bust rating","2 out of 5 stars","-2"
"80",7,"Rhamondre Stevenson",NE,"RB30","11","Coach Upside rating","Coach Bust rating","2 out of 5 stars","-20"
"81",7,"Rico Dowdle",PIT,"RB31","9","Coach Upside rating","Coach Bust rating","2 out of 5 stars","-12"
"82",7,"Sam LaPorta",DET,"TE6","6","Coach Upside rating","Coach Bust rating","3 out of 5 stars","+3"
"83",7,"Harold Fannin Jr.",CLE,"TE7","11","Coach Upside rating","Coach Bust rating","3 out of 5 stars","-17"
"84",7,"Kyle Pitts Sr.",ATL,"TE8","11","Coach Upside rating","Coach Bust rating","3 out of 5 stars","-6"
"85",7,"Blake Corum",LAR,"RB32","11","Coach Upside rating","Coach Bust rating","5 out of 5 stars","-12"
"86",7,"J.K. Dobbins",DEN,"RB33","10","Coach Upside rating","Coach Bust rating","2 out of 5 stars","-6"
"87",7,"Parker Washington",JAC,"WR36","7","Coach Upside rating","Coach Bust rating","4 out of 5 stars","+11"
"88",7,"Kyle Monangai",CHI,"RB34","10","Coach Upside rating","Coach Bust rating","2 out of 5 stars","-23"
"89",7,"Jaxson Dart",NYG,"QB11","8","Coach Upside rating","Coach Bust rating","4 out of 5 stars","+1"
"90",7,"Jordyn Tyson",NO,"WR37","8","Coach Upside rating","Coach Bust rating","3 out of 5 stars","-15"
"",7
"91",7,"Quentin Johnston",LAC,"WR38","7","Coach Upside rating","Coach Bust rating","2 out of 5 stars","+32"
"92",7,"Brock Purdy",SF,"QB12","8","Coach Upside rating","Coach Bust rating","1 out of 5 stars","+27"
"93",7,"Chris Godwin Jr.",TB,"WR39","10","Coach Upside rating","Coach Bust rating","4 out of 5 stars","+3"
"94",7,"RJ Harvey",DEN,"RB35","10","Coach Upside rating","Coach Bust rating","2 out of 5 stars","-53"
"95",8,"Jordan Addison",MIN,"WR40","6","Coach Upside rating","Coach Bust rating","5 out of 5 stars","+14"
"96",8,"Makai Lemon",PHI,"WR41","10","Coach Upside rating","Coach Bust rating","4 out of 5 stars","-14"
"97",8,"George Kittle",SF,"TE9","8","Coach Upside rating","Coach Bust rating","3 out of 5 stars","+13"
"98",8,"Bo Nix",DEN,"QB13","10","Coach Upside rating","Coach Bust rating","3 out of 5 stars","+37"
"99",8,"Patrick Mahomes II",KC,"QB14","5","Coach Upside rating","Coach Bust rating","2 out of 5 stars","+14"
"100",8,"Michael Wilson",ARI,"WR42","14","Coach Upside rating–No rating available","Coach Bust rating–No rating available","2 out of 5 stars","-19"
"101",8,"Matthew Stafford",LAR,"QB15","11","Coach Upside rating","Coach Bust rating","3 out of 5 stars","+30"
"102",8,"Ricky Pearsall",SF,"WR43","8","Coach Upside rating","Coach Bust rating","2 out of 5 stars","-10"
"103",8,"Dalton Kincaid",BUF,"TE10","7","Coach Upside rating","Coach Bust rating","3 out of 5 stars","-16"
"104",8,"Jacory Croskey-Merritt",WAS,"RB36","7","Coach Upside rating","Coach Bust rating","4 out of 5 stars","0"
"105",8,"Travis Kelce",KC,"TE11","5","Coach Upside rating","Coach Bust rating","4 out of 5 stars","+13"
"106",8,"Jared Goff",DET,"QB16","6","Coach Upside rating","Coach Bust rating","5 out of 5 stars","+42"
"107",8,"Rachaad White",WAS,"RB37","7","Coach Upside rating","Coach Bust rating","4 out of 5 stars","+32"
"108",8,"Aaron Jones Sr.",MIN,"RB38","6","Coach Upside rating","Coach Bust rating","4 out of 5 stars","-17"
"109",8,"Jakobi Meyers",JAC,"WR44","7","Coach Upside rating","Coach Bust rating","4 out of 5 stars","-26"
"110",8,"Jayden Reed",GB,"WR45","11","Coach Upside rating","Coach Bust rating","5 out of 5 stars","+22"
"111",8,"Jordan Mason",MIN,"RB39","6","Coach Upside rating","Coach Bust rating","4 out of 5 stars","+13"
"112",8,"Kenny Gainwell",TB,"RB40","10","Coach Upside rating","Coach Bust rating","2 out of 5 stars","-19"
"113",8,"Michael Pittman Jr.",PIT,"WR46","9","Coach Upside rating","Coach Bust rating","3 out of 5 stars","+7"
"114",8,"Kyler Murray",MIN,"QB17","6","Coach Upside rating","Coach Bust rating","5 out of 5 stars","+59"
"115",8,"Xavier Worthy",KC,"WR47","5","Coach Upside rating","Coach Bust rating","2 out of 5 stars","+21"
"116",8,"Dallas Goedert",PHI,"TE12","10","Coach Upside rating","Coach Bust rating","4 out of 5 stars","-14"
"117",8,"Isaiah Likely",NYG,"TE13","8","Coach Upside rating","Coach Bust rating","3 out of 5 stars","+9"
"118",8,"Jonathon Brooks",CAR,"RB41","5","Coach Upside rating","Coach Bust rating","1 out of 5 stars","+43"
"119",8,"Mark Andrews",BAL,"TE14","13","Coach Upside rating","Coach Bust rating","4 out of 5 stars","-14"
"120",8,"Jordan Love",GB,"QB18","11","Coach Upside rating","Coach Bust rating","4 out of 5 stars","+22"
"121",8,"Wan'Dale Robinson",TEN,"WR48","9","Coach Upside rating","Coach Bust rating","3 out of 5 stars","-4"
"122",8,"Baker Mayfield",TB,"QB19","10","Coach Upside rating","Coach Bust rating","2 out of 5 stars","+38"
"123",8,"Chris Rodriguez Jr.",JAC,"RB42","7","Coach Upside rating","Coach Bust rating","4 out of 5 stars","+36"
"124",8,"Josh Downs",IND,"WR49","13","Coach Upside rating","Coach Bust rating","4 out of 5 stars","+25"
"125",8,"Tyler Shough",NO,"QB20","8","Coach Upside rating","Coach Bust rating","3 out of 5 stars","+40"
"126",8,"Jayden Higgins",HOU,"WR50","8","Coach Upside rating","Coach Bust rating","3 out of 5 stars","+15"
"127",8,"Jake Ferguson",DAL,"TE15","14","Coach Upside rating","Coach Bust rating","2 out of 5 stars","-21"
"128",9,"Tyrone Tracy Jr.",NYG,"RB43","8","Coach Upside rating","Coach Bust rating","4 out of 5 stars","-6"
"129",9,"Tyler Allgeier",ARI,"RB44","14","Coach Upside rating","Coach Bust rating","2 out of 5 stars","-32"
"130",9,"Romeo Doubs",NE,"WR51","11","Coach Upside rating","Coach Bust rating","2 out of 5 stars","-1"
"131",9,"Woody Marks",HOU,"RB45","8","Coach Upside rating","Coach Bust rating","4 out of 5 stars","-15"
"132",9,"Zach Charbonnet",SEA,"RB46","11","Coach Upside rating","Coach Bust rating","4 out of 5 stars","-21"
"133",9,"Isiah Pacheco",DET,"RB47","6","Coach Upside rating","Coach Bust rating","5 out of 5 stars","+37"
"134",9,"Khalil Shakir",BUF,"WR52","7","Coach Upside rating","Coach Bust rating","4 out of 5 stars","0"
"135",9,"Matthew Golden",GB,"WR53","11","Coach Upside rating","Coach Bust rating","5 out of 5 stars","+43"
"136",9,"Malik Willis",MIA,"QB21","6","Coach Upside rating","Coach Bust rating","3 out of 5 stars","+20"
"137",9,"KC Concepcion",CLE,"WR54","11","Coach Upside rating","Coach Bust rating","3 out of 5 stars","+8"
"138",9,"Rashid Shaheed",SEA,"WR55","11","Coach Upside rating","Coach Bust rating","3 out of 5 stars","+43"
"139",9,"Jalen Coker",CAR,"WR56","5","Coach Upside rating","Coach Bust rating","2 out of 5 stars","+8"
"140",9,"C.J. Stroud",HOU,"QB22","8","Coach Upside rating","Coach Bust rating","4 out of 5 stars","+46"
"141",9,"Sam Darnold",SEA,"QB23","11","Coach Upside rating","Coach Bust rating","4 out of 5 stars","+48"
"142",9,"Brenton Strange",JAC,"TE16","7","Coach Upside rating","Coach Bust rating","3 out of 5 stars","-27"
"143",9,"Tank Bigsby",PHI,"RB48","10","Coach Upside rating","Coach Bust rating","4 out of 5 stars","+21"
"144",9,"Hunter Henry",NE,"TE17","11","Coach Upside rating","Coach Bust rating","4 out of 5 stars","-44"
"145",9,"Keaton Mitchell",LAC,"RB49","7","Coach Upside rating","Coach Bust rating","3 out of 5 stars","+22"
"146",9,"Oronde Gadsden II",LAC,"TE18","7","Coach Upside rating","Coach Bust rating","4 out of 5 stars","-57"
"147",9,"Brian Robinson Jr.",ATL,"RB50","11","Coach Upside rating","Coach Bust rating","2 out of 5 stars","-61"
"148",9,"Alvin Kamara",NO,"RB51","8","Coach Upside rating","Coach Bust rating","3 out of 5 stars","-15"
"149",9,"Tyjae Spears",TEN,"RB52","9","Coach Upside rating","Coach Bust rating","3 out of 5 stars","-12"
"150",9,"Juwan Johnson",NO,"TE19","8","Coach Upside rating","Coach Bust rating","2 out of 5 stars","-36"
"151",9,"Dylan Sampson",CLE,"RB53","11","Coach Upside rating","Coach Bust rating","3 out of 5 stars","-7"
"152",9,"Houston Texans",HOU,"DST1","8","Coach Upside rating–No rating available","Coach Bust rating–No rating available","2 out of 5 stars","-"
"153",9,"Jonah Coleman",DEN,"RB54","10","Coach Upside rating","Coach Bust rating","2 out of 5 stars","-23"
"154",9,"Cam Ward",TEN,"QB24","9","Coach Upside rating","Coach Bust rating","3 out of 5 stars","+60"
"155",9,"Braelon Allen",NYJ,"RB55","13","Coach Upside rating","Coach Bust rating","3 out of 5 stars","-5"
"156",9,"Jerry Jeudy",CLE,"WR57","11","Coach Upside rating","Coach Bust rating","3 out of 5 stars","+23"
"157",9,"Jauan Jennings",MIN,"WR58","6","Coach Upside rating","Coach Bust rating","5 out of 5 stars","-19"
"158",9,"Chig Okonkwo",WAS,"TE20","7","Coach Upside rating","Coach Bust rating","1 out of 5 stars","-6"
"159",9,"Denzel Boston",CLE,"WR59","11","Coach Upside rating","Coach Bust rating","3 out of 5 stars","+13"
"160",10,"Denver Broncos",DEN,"DST2","10","Coach Upside rating–No rating available","Coach Bust rating–No rating available","4 out of 5 stars","-"
"161",10,"Bryce Young",CAR,"QB25","5","Coach Upside rating","Coach Bust rating","2 out of 5 stars","+62"
"162",10,"Daniel Jones",IND,"QB26","13","Coach Upside rating","Coach Bust rating","4 out of 5 stars","+59"
"163",10,"Omar Cooper Jr.",NYJ,"WR60","13","Coach Upside rating","Coach Bust rating","4 out of 5 stars","+6"
"164",10,"Jalen McMillan",TB,"WR61","10","Coach Upside rating","Coach Bust rating","4 out of 5 stars","+21"
"165",10,"Adonai Mitchell",NYJ,"WR62","13","Coach Upside rating","Coach Bust rating","4 out of 5 stars","+17"
"166",10,"Seattle Seahawks",SEA,"DST3","11","Coach Upside rating–No rating available","Coach Bust rating–No rating available","2 out of 5 stars","-"
"167",10,"Los Angeles Rams",LAR,"DST4","11","Coach Upside rating–No rating available","Coach Bust rating–No rating available","2 out of 5 stars","-"
"168",10,"Tre Tucker",LV,"WR63","13","Coach Upside rating","Coach Bust rating","2 out of 5 stars","+41"
"169",10,"Emanuel Wilson",SEA,"RB56","11","Coach Upside rating","Coach Bust rating","4 out of 5 stars","+11"
"170",10,"Philadelphia Eagles",PHI,"DST5","10","Coach Upside rating–No rating available","Coach Bust rating–No rating available","0 out of 5 stars","-"
"171",10,"Travis Hunter",JAC,"WR64","7","Coach Upside rating","Coach Bust rating","4 out of 5 stars","+6"
"172",10,"Tre' Harris",LAC,"WR65","7","Coach Upside rating","Coach Bust rating","2 out of 5 stars","+28"
"173",10,"Kayshon Boutte",NE,"WR66","11","Coach Upside rating","Coach Bust rating","2 out of 5 stars","+11"
"174",10,"AJ Barner",SEA,"TE21","11","Coach Upside rating","Coach Bust rating","3 out of 5 stars","-34"
"175",10,"Brandon Aubrey",DAL,"K1","14","Coach Upside rating","Coach Bust rating","2 out of 5 stars","-"
"176",10,"Minnesota Vikings",MIN,"DST6","6","Coach Upside rating–No rating available","Coach Bust rating–No rating available","1 out of 5 stars","-"
"177",10,"Pittsburgh Steelers",PIT,"DST7","9","Coach Upside rating–No rating available","Coach Bust rating–No rating available","5 out of 5 stars","-"
"178",10,"Jacksonville Jaguars",JAC,"DST8","7","Coach Upside rating–No rating available","Coach Bust rating–No rating available","3 out of 5 stars","-"
"179",10,"New England Patriots",NE,"DST9","11","Coach Upside rating–No rating available","Coach Bust rating–No rating available","3 out of 5 stars","-"
"180",10,"Calvin Ridley",TEN,"WR67","9","Coach Upside rating","Coach Bust rating","3 out of 5 stars","+22"
"181",10,"Kenyon Sadiq",NYJ,"TE22","13","Coach Upside rating","Coach Bust rating","4 out of 5 stars","-60"
"182",10,"Stefon Diggs",FA,"WR68","-","Coach Upside rating","Coach Bust rating","-","-54"
"183",10,"Mike Washington Jr.",LV,"RB57","13","Coach Upside rating","Coach Bust rating","2 out of 5 stars","-29"
"184",10,"Ryan Flournoy",DAL,"WR69","14","Coach Upside rating","Coach Bust rating","2 out of 5 stars","+40"
"185",10,"Isaac TeSlaa",DET,"WR70","6","Coach Upside rating","Coach Bust rating","4 out of 5 stars","+20"
"186",10,"Emmett Johnson",KC,"RB58","5","Coach Upside rating","Coach Bust rating","3 out of 5 stars","-61"
"187",10,"Nicholas Singleton",TEN,"RB59","9","Coach Upside rating","Coach Bust rating","3 out of 5 stars","0"
"188",10,"Ray Davis",BUF,"RB60","7","Coach Upside rating–No rating available","Coach Bust rating–No rating available","2 out of 5 stars","0"
"189",10,"Los Angeles Chargers",LAC,"DST10","7","Coach Upside rating–No rating available","Coach Bust rating–No rating available","3 out of 5 stars","-"
"190",10,"Dalton Schultz",HOU,"TE23","8","Coach Upside rating","Coach Bust rating","4 out of 5 stars","-83"
"191",10,"Cameron Dicker",LAC,"K2","7","Coach Upside rating","Coach Bust rating","2 out of 5 stars","-"
"192",10,"Ka'imi Fairbairn",HOU,"K3","8","Coach Upside rating","Coach Bust rating","2 out of 5 stars","-"
"193",10,"Troy Franklin",DEN,"WR71","10","Coach Upside rating","Coach Bust rating","2 out of 5 stars","-1"
"194",10,"James Conner",ARI,"RB61","14","Coach Upside rating","Coach Bust rating","2 out of 5 stars","-93"
"195",10,"Cam Little",JAC,"K4","7","Coach Upside rating–No rating available","Coach Bust rating–No rating available","4 out of 5 stars","-"
"196",10,"Kimani Vidal",LAC,"RB62","7","Coach Upside rating–No rating available","Coach Bust rating–No rating available","3 out of 5 stars","-39"
"197",10,"Jason Myers",SEA,"K5","11","Coach Upside rating–No rating available","Coach Bust rating–No rating available","4 out of 5 stars","-"
"198",10,"Baltimore Ravens",BAL,"DST11","13","Coach Upside rating–No rating available","Coach Bust rating–No rating available","5 out of 5 stars","-"
"199",10,"Sean Tucker",TB,"RB63","10","Coach Upside rating","Coach Bust rating","2 out of 5 stars","-25"
"200",10,"Jaylin Noel",HOU,"WR72","8","Coach Upside rating","Coach Bust rating","3 out of 5 stars","+13"
"201",10,"Jalen Nailor",LV,"WR73","13","Coach Upside rating–No rating available","Coach Bust rating–No rating available","2 out of 5 stars","+21"
"202",10,"Kaytron Allen",WAS,"RB64","7","Coach Upside rating","Coach Bust rating","4 out of 5 stars","-26"
"203",11,"Green Bay Packers",GB,"DST12","11","Coach Upside rating–No rating available","Coach Bust rating–No rating available","2 out of 5 stars","-"
"204",11,"Darnell Mooney",NYG,"WR74","8","Coach Upside rating","Coach Bust rating","4 out of 5 stars","+14"
"205",11,"Jacoby Brissett",ARI,"QB27","14","Coach Upside rating","Coach Bust rating","2 out of 5 stars","+25"
"206",11,"Eddy Pineiro",SF,"K6","8","Coach Upside rating–No rating available","Coach Bust rating–No rating available","5 out of 5 stars","-"
"207",11,"Tyler Loop",BAL,"K7","13","Coach Upside rating–No rating available","Coach Bust rating–No rating available","3 out of 5 stars","-"
"208",11,"T.J. Hockenson",MIN,"TE24","6","Coach Upside rating","Coach Bust rating","4 out of 5 stars","-65"
"209",11,"Rashod Bateman",BAL,"WR75","13","Coach Upside rating–No rating available","Coach Bust rating–No rating available","4 out of 5 stars","+20"
"210",11,"Kansas City Chiefs",KC,"DST13","5","Coach Upside rating–No rating available","Coach Bust rating–No rating available","3 out of 5 stars","-"
"211",11,"Antonio Williams",WAS,"WR76","7","Coach Upside rating–No rating available","Coach Bust rating–No rating available","2 out of 5 stars","-36"
"212",11,"Terrance Ferguson",LAR,"TE25","11","Coach Upside rating","Coach Bust rating","4 out of 5 stars","-54"
"213",11,"Detroit Lions",DET,"DST14","6","Coach Upside rating–No rating available","Coach Bust rating–No rating available","5 out of 5 stars","-"
"214",11,"Jaylen Wright",MIA,"RB65","6","Coach Upside rating–No rating available","Coach Bust rating–No rating available","3 out of 5 stars","-19"
"215",11,"Cairo Santos",CHI,"K8","10","Coach Upside rating–No rating available","Coach Bust rating–No rating available","0 out of 5 stars","-"
"216",11,"Evan McPherson",CIN,"K9","6","Coach Upside rating–No rating available","Coach Bust rating–No rating available","2 out of 5 stars","-"
"217",11,"Dontayvion Wicks",PHI,"WR77","10","Coach Upside rating–No rating available","Coach Bust rating–No rating available","4 out of 5 stars","-"
"218",11,"Pat Bryant",DEN,"WR78","10","Coach Upside rating–No rating available","Coach Bust rating–No rating available","2 out of 5 stars","-25"
"219",11,"Deebo Samuel Sr.",FA,"WR79","-","Coach Upside rating–No rating available","Coach Bust rating–No rating available","-","-51"
"220",11,"Andy Borregales",NE,"K10","11","Coach Upside rating–No rating available","Coach Bust rating–No rating available","1 out of 5 stars","-"
"221",11,"Buffalo Bills",BUF,"DST15","7","Coach Upside rating–No rating available","Coach Bust rating–No rating available","3 out of 5 stars","-"
"222",11,"MarShawn Lloyd",GB,"RB66","11","Coach Upside rating–No rating available","Coach Bust rating–No rating available","4 out of 5 stars","-"
"223",11,"Tank Dell",HOU,"WR80","8","Coach Upside rating","Coach Bust rating","3 out of 5 stars","-15"
"224",11,"De'Zhaun Stribling",SF,"WR81","8","Coach Upside rating","Coach Bust rating","2 out of 5 stars","+16"
"225",11,"Ollie Gordon II",MIA,"RB67","6","Coach Upside rating–No rating available","Coach Bust rating–No rating available","3 out of 5 stars","-"
"226",11,"Gunnar Helm",TEN,"TE26","9","Coach Upside rating","Coach Bust rating","3 out of 5 stars","-55"
"227",11,"Cleveland Browns",CLE,"DST16","11","Coach Upside rating–No rating available","Coach Bust rating–No rating available","5 out of 5 stars","-"
"228",11,"Jake Bates",DET,"K11","6","Coach Upside rating–No rating available","Coach Bust rating–No rating available","5 out of 5 stars","-"
"229",11,"Chimere Dike",TEN,"WR82","9","Coach Upside rating","Coach Bust rating","3 out of 5 stars","-33"
"230",11,"Malik Washington",MIA,"WR83","6","Coach Upside rating","Coach Bust rating","3 out of 5 stars","-"
"231",11,"Pat Freiermuth",PIT,"TE27","9","Coach Upside rating","Coach Bust rating","2 out of 5 stars","-"
"232",11,"David Njoku",LAC,"TE28","7","Coach Upside rating","Coach Bust rating","4 out of 5 stars","-86"
"233",11,"Chase McLaughlin",TB,"K12","10","Coach Upside rating–No rating available","Coach Bust rating–No rating available","3 out of 5 stars","-"
"234",11,"Elic Ayomanor",TEN,"WR84","9","Coach Upside rating–No rating available","Coach Bust rating–No rating available","3 out of 5 stars","-28"
"235",11,"Cooper Kupp",SEA,"WR85","11","Coach Upside rating–No rating available","Coach Bust rating–No rating available","3 out of 5 stars","-2"
"236",11,"Harrison Mevis",LAR,"K13","11","Coach Upside rating–No rating available","Coach Bust rating–No rating available","2 out of 5 stars","-"
"237",11,"Cade Otton",TB,"TE29","10","Coach Upside rating–No rating available","Coach Bust rating–No rating available","2 out of 5 stars","-71"
"238",11,"Brandon Aiyuk",SF,"WR86","8","Coach Upside rating","Coach Bust rating","2 out of 5 stars","-40"
"239",11,"Aaron Rodgers",PIT,"QB28","9","Coach Upside rating–No rating available","Coach Bust rating–No rating available","2 out of 5 stars","-"
"240",11,"Geno Smith",NYJ,"QB29","13","Coach Upside rating–No rating available","Coach Bust rating–No rating available","4 out of 5 stars","-"
"241",11,"Germie Bernard",PIT,"WR87","9","Coach Upside rating–No rating available","Coach Bust rating–No rating available","3 out of 5 stars","-24"
"242",11,"Zachariah Branch",ATL,"WR88","11","Coach Upside rating–No rating available","Coach Bust rating–No rating available","3 out of 5 stars","-35"
"243",11,"Colby Parkinson",LAR,"TE30","11","Coach Upside rating–No rating available","Coach Bust rating–No rating available","4 out of 5 stars","-92"
"244",11,"Harrison Butker",KC,"K14","5","Coach Upside rating–No rating available","Coach Bust rating–No rating available","5 out of 5 stars","-"
"245",11,"Keon Coleman",BUF,"WR89","7","Coach Upside rating–No rating available","Coach Bust rating–No rating available","4 out of 5 stars","-13"
"246",11,"Ted Hurst III",TB,"WR90","10","Coach Upside rating–No rating available","Coach Bust rating–No rating available","4 out of 5 stars","-26"
"247",11,"Chris Boswell",PIT,"K15","9","Coach Upside rating–No rating available","Coach Bust rating–No rating available","4 out of 5 stars","-"
"248",12,"Jaydon Blue",DAL,"RB68","14","Coach Upside rating–No rating available","Coach Bust rating–No rating available","4 out of 5 stars","-37"
"249",12,"Demond Claiborne",MIN,"RB69","6","Coach Upside rating–No rating available","Coach Bust rating–No rating available","4 out of 5 stars","-52"
"250",12,"Elijah Sarratt",BAL,"WR91","13","Coach Upside rating–No rating available","Coach Bust rating–No rating available","4 out of 5 stars","-24"
"251",12,"Evan Engram",DEN,"TE31","10","Coach Upside rating–No rating available","Coach Bust rating–No rating available","4 out of 5 stars","-"
"252",12,"Malik Davis",DAL,"RB70","14","Coach Upside rating–No rating available","Coach Bust rating–No rating available","4 out of 5 stars","-"
"253",12,"Ty Johnson",BUF,"RB71","7","Coach Upside rating–No rating available","Coach Bust rating–No rating available","2 out of 5 stars","-"
"254",12,"Tyreek Hill",FA,"WR92","-","Coach Upside rating–No rating available","Coach Bust rating–No rating available","-","-91"
"255",12,"Tory Horton",SEA,"WR93","11","Coach Upside rating–No rating available","Coach Bust rating–No rating available","3 out of 5 stars","-30"
"256",12,"Justice Hill",BAL,"RB72","13","Coach Upside rating–No rating available","Coach Bust rating–No rating available","3 out of 5 stars","-"
"257",12,"Eli Stowers",PHI,"TE32","10","Coach Upside rating–No rating available","Coach Bust rating–No rating available","4 out of 5 stars","-102"
"258",12,"Greg Dulcich",MIA,"TE33","6","Coach Upside rating–No rating available","Coach Bust rating–No rating available","5 out of 5 stars","-"
"259",12,"Jordan James",SF,"RB73","8","Coach Upside rating–No rating available","Coach Bust rating–No rating available","2 out of 5 stars","-"
"260",12,"Kaleb Johnson",PIT,"RB74","9","Coach Upside rating–No rating available","Coach Bust rating–No rating available","2 out of 5 stars","-66"
"261",12,"Chris Brooks",GB,"RB75","11","Coach Upside rating–No rating available","Coach Bust rating–No rating available","4 out of 5 stars","-"
"262",12,"Fernando Mendoza",LV,"QB30","13","Coach Upside rating–No rating available","Coach Bust rating–No rating available","1 out of 5 stars","-52"
"263",12,"Jack Bech",LV,"WR94","13","Coach Upside rating–No rating available","Coach Bust rating–No rating available","2 out of 5 stars","-29"
"264",12,"DJ Giddens",IND,"RB76","13","Coach Upside rating–No rating available","Coach Bust rating–No rating available","4 out of 5 stars","-"
"265",12,"Christian Kirk",SF,"WR95","8","Coach Upside rating–No rating available","Coach Bust rating–No rating available","2 out of 5 stars","-29"
"266",12,"Devin Neal",NO,"RB77","8","Coach Upside rating–No rating available","Coach Bust rating–No rating available","3 out of 5 stars","-76"
"267",12,"Tyquan Thornton",KC,"WR96","5","Coach Upside rating–No rating available","Coach Bust rating–No rating available","2 out of 5 stars","-"
"268",12,"Samaje Perine",CIN,"RB78","6","Coach Upside rating–No rating available","Coach Bust rating–No rating available","2 out of 5 stars","-"
"269",12,"Theo Johnson",NYG,"TE34","8","Coach Upside rating–No rating available","Coach Bust rating–No rating available","3 out of 5 stars","-107"
"270",12,"Chris Bell",MIA,"WR97","6","Coach Upside rating–No rating available","Coach Bust rating–No rating available","3 out of 5 stars","-42"
"271",12,"Wil Lutz",DEN,"K16","10","Coach Upside rating–No rating available","Coach Bust rating–No rating available","1 out of 5 stars","-"
"272",12,"George Holani",SEA,"RB79","11","Coach Upside rating–No rating available","Coach Bust rating–No rating available","4 out of 5 stars","-"
"273",12,"Marvin Mims Jr.",DEN,"WR98","10","Coach Upside rating–No rating available","Coach Bust rating–No rating available","2 out of 5 stars","-57"
"274",12,"Darius Slayton",NYG,"WR99","8","Coach Upside rating–No rating available","Coach Bust rating–No rating available","4 out of 5 stars","-"
"275",12,"Malachi Fields",NYG,"WR100","8","Coach Upside rating–No rating available","Coach Bust rating–No rating available","4 out of 5 stars","-38"
"276",12,"Kaelon Black",SF,"RB80","8","Coach Upside rating–No rating available","Coach Bust rating–No rating available","2 out of 5 stars","-"
"277",12,"Mason Taylor",NYJ,"TE35","13","Coach Upside rating–No rating available","Coach Bust rating–No rating available","4 out of 5 stars","-124"
"278",12,"Isaiah Davis",NYJ,"RB81","13","Coach Upside rating–No rating available","Coach Bust rating–No rating available","3 out of 5 stars","-"
"279",12,"Tua Tagovailoa",ATL,"QB31","11","Coach Upside rating–No rating available","Coach Bust rating–No rating available","4 out of 5 stars","-35"
"280",12,"Chris Brazzell II",CAR,"WR101","5","Coach Upside rating–No rating available","Coach Bust rating–No rating available","2 out of 5 stars","-53"
"281",12,"Kendre Miller",NO,"RB82","8","Coach Upside rating–No rating available","Coach Bust rating–No rating available","3 out of 5 stars","-80"
"282",12,"Will Reichard",MIN,"K17","6","Coach Upside rating–No rating available","Coach Bust rating–No rating available","2 out of 5 stars","-"
"283",12,"Kyle Williams",NE,"WR102","11","Coach Upside rating–No rating available","Coach Bust rating–No rating available","2 out of 5 stars","-64"
"284",12,"Atlanta Falcons",ATL,"DST17","11","Coach Upside rating–No rating available","Coach Bust rating–No rating available","4 out of 5 stars","-"
"285",12,"Trey Benson",ARI,"RB83","14","Coach Upside rating–No rating available","Coach Bust rating–No rating available","2 out of 5 stars","-158"
"286",12,"Xavier Legette",CAR,"WR103","5","Coach Upside rating–No rating available","Coach Bust rating–No rating available","2 out of 5 stars","-"
"287",12,"San Francisco 49ers",SF,"DST18","8","Coach Upside rating–No rating available","Coach Bust rating–No rating available","3 out of 5 stars","-"
"288",12,"Devin Singletary",NYG,"RB84","8","Coach Upside rating–No rating available","Coach Bust rating–No rating available","4 out of 5 stars","-"
"289",12,"Michael Penix Jr.",ATL,"QB32","11","Coach Upside rating–No rating available","Coach Bust rating–No rating available","4 out of 5 stars","-46"
"290",12,"Emari Demercado",KC,"RB85","5","Coach Upside rating–No rating available","Coach Bust rating–No rating available","3 out of 5 stars","-"
"291",12,"Devaughn Vele",NO,"WR104","8","Coach Upside rating–No rating available","Coach Bust rating–No rating available","3 out of 5 stars","-56"
"292",12,"Keenan Allen",LAC,"WR105","7","Coach Upside rating–No rating available","Coach Bust rating–No rating available","2 out of 5 stars","-61"
"293",12,"Seth McGowan",IND,"RB86","13","Coach Upside rating–No rating available","Coach Bust rating–No rating available","4 out of 5 stars","-"
"294",12,"Mike Gesicki",CIN,"TE36","6","Coach Upside rating–No rating available","Coach Bust rating–No rating available","3 out of 5 stars","-"
"295",12,"Najee Harris",LAC,"RB87","7","Coach Upside rating–No rating available","Coach Bust rating–No rating available","3 out of 5 stars","-104"
"296",12,"Oscar Delp",NO,"TE37","8","Coach Upside rating–No rating available","Coach Bust rating–No rating available","2 out of 5 stars","-"
"297",12,"Hollywood Brown",PHI,"WR106","10","Coach Upside rating–No rating available","Coach Bust rating–No rating available","4 out of 5 stars","-"
"298",12,"Mack Hollins",NE,"WR107","11","Coach Upside rating–No rating available","Coach Bust rating–No rating available","2 out of 5 stars","-"
"299",12,"Adam Randall",BAL,"RB88","13","Coach Upside rating–No rating available","Coach Bust rating–No rating available","3 out of 5 stars","-"
"300",12,"Jerome Ford",WAS,"RB89","7","Coach Upside rating–No rating available","Coach Bust rating–No rating available","4 out of 5 stars","-"
"301",12,"Brashard Smith",KC,"RB90","5","Coach Upside rating–No rating available","Coach Bust rating–No rating available","3 out of 5 stars","-97"
"302",12,"LeQuint Allen Jr.",JAC,"RB91","7","Coach Upside rating–No rating available","Coach Bust rating–No rating available","4 out of 5 stars","-"
"303",12,"Shedeur Sanders",CLE,"QB33","11","Coach Upside rating–No rating available","Coach Bust rating–No rating available","4 out of 5 stars","-61"
"304",12,"Deshaun Watson",CLE,"QB34","11","Coach Upside rating–No rating available","Coach Bust rating–No rating available","4 out of 5 stars","-"
"305",12,"Isaiah Bond",CLE,"WR108","11","Coach Upside rating–No rating available","Coach Bust rating–No rating available","3 out of 5 stars","-"
"306",12,"Ja'Kobi Lane",BAL,"WR109","13","Coach Upside rating–No rating available","Coach Bust rating–No rating available","4 out of 5 stars","-103"
"307",13,"Skyler Bell",BUF,"WR110","7","Coach Upside rating–No rating available","Coach Bust rating–No rating available","4 out of 5 stars","-"
"308",13,"Kirk Cousins",LV,"QB35","13","Coach Upside rating–No rating available","Coach Bust rating–No rating available","1 out of 5 stars","-"
"309",13,"Charlie Smyth",NO,"K18","8","Coach Upside rating–No rating available","Coach Bust rating–No rating available","5 out of 5 stars","-"
"310",13,"Trevor Etienne",CAR,"RB92","5","Coach Upside rating–No rating available","Coach Bust rating–No rating available","1 out of 5 stars","-"
"311",13,"Isaac Guerendo",SF,"RB93","8","Coach Upside rating–No rating available","Coach Bust rating–No rating available","2 out of 5 stars","-"
"312",13,"Jake Tonges",SF,"TE38","8","Coach Upside rating–No rating available","Coach Bust rating–No rating available","3 out of 5 stars","-113"
"313",13,"New Orleans Saints",NO,"DST19","8","Coach Upside rating–No rating available","Coach Bust rating–No rating available","5 out of 5 stars","-"
"314",13,"Andrei Iosivas",CIN,"WR111","6","Coach Upside rating–No rating available","Coach Bust rating–No rating available","4 out of 5 stars","-"
"315",13,"Chicago Bears",CHI,"DST20","10","Coach Upside rating–No rating available","Coach Bust rating–No rating available","2 out of 5 stars","-"
"316",13,"Tahj Brooks",CIN,"RB94","6","Coach Upside rating–No rating available","Coach Bust rating–No rating available","2 out of 5 stars","-"
"317",13,"Jaleel McLaughlin",DEN,"RB95","10","Coach Upside rating–No rating available","Coach Bust rating–No rating available","2 out of 5 stars","-"
"318",13,"Indianapolis Colts",IND,"DST21","13","Coach Upside rating–No rating available","Coach Bust rating–No rating available","5 out of 5 stars","-"
"319",13,"Jarquez Hunter",LAR,"RB96","11","Coach Upside rating–No rating available","Coach Bust rating–No rating available","5 out of 5 stars","-104"
"320",13,"Joe Mixon",FA,"RB97","-","Coach Upside rating–No rating available","Coach Bust rating–No rating available","-","-137"
"321",13,"Darnell Washington",PIT,"TE39","9","Coach Upside rating–No rating available","Coach Bust rating–No rating available","2 out of 5 stars","-"
"322",13,"Audric Estime",NO,"RB98","8","Coach Upside rating–No rating available","Coach Bust rating–No rating available","3 out of 5 stars","-110"
"323",13,"Cedric Tillman",CLE,"WR112","11","Coach Upside rating–No rating available","Coach Bust rating–No rating available","3 out of 5 stars","-"
"324",13,"Will Shipley",PHI,"RB99","10","Coach Upside rating–No rating available","Coach Bust rating–No rating available","4 out of 5 stars","-"
"325",13,"Luke McCaffrey",WAS,"WR113","7","Coach Upside rating–No rating available","Coach Bust rating–No rating available","2 out of 5 stars","-"
"326",13,"Konata Mumpfield",LAR,"WR114","11","Coach Upside rating–No rating available","Coach Bust rating–No rating available","1 out of 5 stars","-"
"327",13,"Kareem Hunt",FA,"RB100","-","Coach Upside rating–No rating available","Coach Bust rating–No rating available","-","-"
"328",13,"Tez Johnson",TB,"WR115","10","Coach Upside rating–No rating available","Coach Bust rating–No rating available","4 out of 5 stars","-"
"329",13,"Max Klare",LAR,"TE40","11","Coach Upside rating–No rating available","Coach Bust rating–No rating available","4 out of 5 stars","-91"
"330",13,"Jalen Royals",KC,"WR116","5","Coach Upside rating–No rating available","Coach Bust rating–No rating available","2 out of 5 stars","-"
"331",13,"J.J. McCarthy",MIN,"QB36","6","Coach Upside rating–No rating available","Coach Bust rating–No rating available","5 out of 5 stars","-90"
"332",13,"Calvin Austin III",NYG,"WR117","8","Coach Upside rating–No rating available","Coach Bust rating–No rating available","4 out of 5 stars","-"
"333",13,"Caleb Douglas",MIA,"WR118","6","Coach Upside rating–No rating available","Coach Bust rating–No rating available","3 out of 5 stars","-"
"334",13,"Tyler Higbee",LAR,"TE41","11","Coach Upside rating–No rating available","Coach Bust rating–No rating available","4 out of 5 stars","-"
"335",13,"Jahan Dotson",ATL,"WR119","11","Coach Upside rating–No rating available","Coach Bust rating–No rating available","3 out of 5 stars","-"
"336",13,"Joshua Palmer",BUF,"WR120","7","Coach Upside rating–No rating available","Coach Bust rating–No rating available","4 out of 5 stars","-"
"337",13,"Elijah Arroyo",SEA,"TE42","11","Coach Upside rating–No rating available","Coach Bust rating–No rating available","3 out of 5 stars","-"
"338",13,"Michael Mayer",LV,"TE43","13","Coach Upside rating–No rating available","Coach Bust rating–No rating available","3 out of 5 stars","-"
"339",13,"Jalen Tolbert",MIA,"WR121","6","Coach Upside rating–No rating available","Coach Bust rating–No rating available","3 out of 5 stars","-"
"340",13,"Olamide Zaccheaus",ATL,"WR122","11","Coach Upside rating–No rating available","Coach Bust rating–No rating available","3 out of 5 stars","-"
"341",13,"Noah Gray",KC,"TE44","5","Coach Upside rating–No rating available","Coach Bust rating–No rating available","4 out of 5 stars","-"
"342",13,"Carolina Panthers",CAR,"DST22","5","Coach Upside rating–No rating available","Coach Bust rating–No rating available","3 out of 5 stars","-"
"343",13,"DeMario Douglas",NE,"WR123","11","Coach Upside rating–No rating available","Coach Bust rating–No rating available","2 out of 5 stars","-"
"344",13,"Ja'Tavion Sanders",CAR,"TE45","5","Coach Upside rating–No rating available","Coach Bust rating–No rating available","2 out of 5 stars","-"
"345",13,"Dawson Knox",BUF,"TE46","7","Coach Upside rating–No rating available","Coach Bust rating–No rating available","3 out of 5 stars","-"
"346",14,"Cole Kmet",CHI,"TE47","10","Coach Upside rating–No rating available","Coach Bust rating–No rating available","2 out of 5 stars","-"
"347",14,"Carson Beck",ARI,"QB37","14","Coach Upside rating–No rating available","Coach Bust rating–No rating available","2 out of 5 stars","-"
"348",14,"Bam Knight",ARI,"RB101","14","Coach Upside rating–No rating available","Coach Bust rating–No rating available","2 out of 5 stars","-"
"349",14,"Mac Jones",SF,"QB38","8","Coach Upside rating–No rating available","Coach Bust rating–No rating available","1 out of 5 stars","-"
"350",14,"Dallas Cowboys",DAL,"DST23","14","Coach Upside rating–No rating available","Coach Bust rating–No rating available","1 out of 5 stars","-"
"351",14,"Brenen Thompson",LAC,"WR124","7","Coach Upside rating–No rating available","Coach Bust rating–No rating available","2 out of 5 stars","-"
"352",14,"Eli Heidenreich",PIT,"RB102","9","Coach Upside rating–No rating available","Coach Bust rating–No rating available","2 out of 5 stars","-"
"353",14,"Bryce Lance",NO,"WR125","8","Coach Upside rating–No rating available","Coach Bust rating–No rating available","3 out of 5 stars","-"
"354",14,"Justin Fields",KC,"QB39","5","Coach Upside rating–No rating available","Coach Bust rating–No rating available","2 out of 5 stars","-"
"355",14,"Kendrick Bourne",ARI,"WR126","14","Coach Upside rating–No rating available","Coach Bust rating–No rating available","2 out of 5 stars","-"
"356",14,"Dont'e Thornton Jr.",LV,"WR127","13","Coach Upside rating–No rating available","Coach Bust rating–No rating available","2 out of 5 stars","-"
"357",14,"Jake Elliott",PHI,"K19","10","Coach Upside rating–No rating available","Coach Bust rating–No rating available","5 out of 5 stars","-"
"358",14,"Treylon Burks",WAS,"WR128","7","Coach Upside rating–No rating available","Coach Bust rating–No rating available","2 out of 5 stars","-"
"359",14,"Xavier Hutchinson",HOU,"WR129","8","Coach Upside rating–No rating available","Coach Bust rating–No rating available","3 out of 5 stars","-"
"360",14,"Tyler Bass",BUF,"K20","7","Coach Upside rating–No rating available","Coach Bust rating–No rating available","2 out of 5 stars","-"
"361",14,"J'Mari Taylor",JAC,"RB103","7","Coach Upside rating–No rating available","Coach Bust rating–No rating available","4 out of 5 stars","-"
"362",14,"Ty Simpson",LAR,"QB40","11","Coach Upside rating–No rating available","Coach Bust rating–No rating available","3 out of 5 stars","-117"
"363",14,"Michael Carter",TEN,"RB104","9","Coach Upside rating–No rating available","Coach Bust rating–No rating available","3 out of 5 stars","-"
"364",14,"New York Giants",NYG,"DST24","8","Coach Upside rating–No rating available","Coach Bust rating–No rating available","1 out of 5 stars","-"
"365",14,"Justin Joly",DEN,"TE48","10","Coach Upside rating–No rating available","Coach Bust rating–No rating available","4 out of 5 stars","-"
"366",14,"Cincinnati Bengals",CIN,"DST25","6","Coach Upside rating–No rating available","Coach Bust rating–No rating available","4 out of 5 stars","-"
"367",14,"KaVontae Turpin",DAL,"WR130","14","Coach Upside rating–No rating available","Coach Bust rating–No rating available","2 out of 5 stars","-"
"368",14,"Jaylin Lane",WAS,"WR131","7","Coach Upside rating–No rating available","Coach Bust rating–No rating available","2 out of 5 stars","-"
"369",14,"Nick Westbrook-Ikhine",IND,"WR132","13","Coach Upside rating–No rating available","Coach Bust rating–No rating available","4 out of 5 stars","-"
"370",14,"Anthony Richardson Sr.",IND,"QB41","13","Coach Upside rating–No rating available","Coach Bust rating–No rating available","4 out of 5 stars","-"
"371",14,"Jawhar Jordan",HOU,"RB105","8","Coach Upside rating–No rating available","Coach Bust rating–No rating available","4 out of 5 stars","-"
"372",14,"Raheim Sanders",CLE,"RB106","11","Coach Upside rating–No rating available","Coach Bust rating–No rating available","3 out of 5 stars","-"
"373",14,"Kalif Raymond",CHI,"WR133","10","Coach Upside rating–No rating available","Coach Bust rating–No rating available","3 out of 5 stars","-"
"374",14,"Nick Chubb",FA,"RB107","-","Coach Upside rating–No rating available","Coach Bust rating–No rating available","-","-"
"375",14,"Eli Raridon",NE,"TE49","11","Coach Upside rating–No rating available","Coach Bust rating–No rating available","4 out of 5 stars","-"
"376",14,"Tutu Atwell",MIA,"WR134","6","Coach Upside rating–No rating available","Coach Bust rating–No rating available","3 out of 5 stars","-"
"377",14,"Savion Williams",GB,"WR135","11","Coach Upside rating–No rating available","Coach Bust rating–No rating available","5 out of 5 stars","-"
"378",14,"Zane Gonzalez",MIA,"K21","6","Coach Upside rating–No rating available","Coach Bust rating–No rating available","2 out of 5 stars","-"
"379",14,"Tampa Bay Buccaneers",TB,"DST26","10","Coach Upside rating–No rating available","Coach Bust rating–No rating available","4 out of 5 stars","-"
"380",14,"Kevin Coleman Jr.",MIA,"WR136","6","Coach Upside rating–No rating available","Coach Bust rating–No rating available","3 out of 5 stars","-"
"381",14,"John Metchie III",CAR,"WR137","5","Coach Upside rating–No rating available","Coach Bust rating–No rating available","2 out of 5 stars","-"
"382",14,"Noah Fant",NO,"TE50","8","Coach Upside rating–No rating available","Coach Bust rating–No rating available","2 out of 5 stars","-"
"383",14,"Trey Smack",GB,"K22","11","Coach Upside rating–No rating available","Coach Bust rating–No rating available","4 out of 5 stars","-"
"384",14,"Zavion Thomas",CHI,"WR138","10","Coach Upside rating–No rating available","Coach Bust rating–No rating available","3 out of 5 stars","-"
"385",14,"Devontez Walker",BAL,"WR139","13","Coach Upside rating–No rating available","Coach Bust rating–No rating available","4 out of 5 stars","-"
"386",14,"Erick All Jr.",CIN,"TE51","6","Coach Upside rating–No rating available","Coach Bust rating–No rating available","3 out of 5 stars","-"
"387",14,"Dameon Pierce",PHI,"RB108","10","Coach Upside rating–No rating available","Coach Bust rating–No rating available","4 out of 5 stars","-"
"388",14,"Kyle Juszczyk",SF,"RB109","8","Coach Upside rating–No rating available","Coach Bust rating–No rating available","2 out of 5 stars","-"
"389",14,"Washington Commanders",WAS,"DST27","7","Coach Upside rating–No rating available","Coach Bust rating–No rating available","2 out of 5 stars","-"
"390",14,"Tennessee Titans",TEN,"DST28","9","Coach Upside rating–No rating available","Coach Bust rating–No rating available","2 out of 5 stars","-"
"391",14,"Dyami Brown",WAS,"WR140","7","Coach Upside rating–No rating available","Coach Bust rating–No rating available","2 out of 5 stars","-"
"392",14,"Phil Mafah",DAL,"RB110","14","Coach Upside rating–No rating available","Coach Bust rating–No rating available","4 out of 5 stars","-"
"393",14,"Jordan Whittington",LAR,"WR141","11","Coach Upside rating–No rating available","Coach Bust rating–No rating available","1 out of 5 stars","-"
"394",14,"Miami Dolphins",MIA,"DST29","6","Coach Upside rating–No rating available","Coach Bust rating–No rating available","3 out of 5 stars","-"
"395",14,"Tommy Tremble",CAR,"TE52","5","Coach Upside rating–No rating available","Coach Bust rating–No rating available","2 out of 5 stars","-"
"396",14,"Luke Musgrave",GB,"TE53","11","Coach Upside rating–No rating available","Coach Bust rating–No rating available","2 out of 5 stars","-"
"397",14,"Cyrus Allen",KC,"WR142","5","Coach Upside rating–No rating available","Coach Bust rating–No rating available","2 out of 5 stars","-"
"398",14,"Nick Folk",ATL,"K23","11","Coach Upside rating–No rating available","Coach Bust rating–No rating available","0 out of 5 stars","-"
"399",14,"Jam Miller",NE,"RB111","11","Coach Upside rating–No rating available","Coach Bust rating–No rating available","2 out of 5 stars","-"
"400",14,"Ben Sauls",NYG,"K24","8","Coach Upside rating–No rating available","Coach Bust rating–No rating available","2 out of 5 stars","-"
"401",14,"Ben Sinnott",WAS,"TE54","7","Coach Upside rating–No rating available","Coach Bust rating–No rating available","1 out of 5 stars","-"
"402",14,"John Bates",WAS,"TE55","7","Coach Upside rating–No rating available","Coach Bust rating–No rating available","1 out of 5 stars","-"
"403",14,"Austin Ekeler",FA,"RB112","-","Coach Upside rating–No rating available","Coach Bust rating–No rating available","-","-"
"404",14,"Tommy Myers",FA,"TE56","-","Coach Upside rating–No rating available","Coach Bust rating–No rating available","-","-"
"405",14,"Greg Dortch",DET,"WR143","6","Coach Upside rating–No rating available","Coach Bust rating–No rating available","4 out of 5 stars","-"
"406",14,"Ashton Dulin",IND,"WR144","13","Coach Upside rating–No rating available","Coach Bust rating–No rating available","4 out of 5 stars","-"
"407",14,"Jeremy McNichols",WAS,"RB113","7","Coach Upside rating–No rating available","Coach Bust rating–No rating available","4 out of 5 stars","-"
"408",14,"Rasheen Ali",BAL,"RB114","13","Coach Upside rating–No rating available","Coach Bust rating–No rating available","3 out of 5 stars","-"
"409",14,"Spencer Shrader",IND,"K25","13","Coach Upside rating–No rating available","Coach Bust rating–No rating available","4 out of 5 stars","-"
"410",15,"Ryan Fitzgerald",CAR,"K26","5","Coach Upside rating–No rating available","Coach Bust rating–No rating available","0 out of 5 stars","-"
"411",15,"Daniel Bellinger",TEN,"TE57","9","Coach Upside rating–No rating available","Coach Bust rating–No rating available","3 out of 5 stars","-"
"412",15,"Dylan Laube",LV,"RB115","13","Coach Upside rating–No rating available","Coach Bust rating–No rating available","2 out of 5 stars","-"
"413",15,"Deion Burks",IND,"WR145","13","Coach Upside rating–No rating available","Coach Bust rating–No rating available","4 out of 5 stars","-"
"414",15,"Jonnu Smith",FA,"TE58","-","Coach Upside rating–No rating available","Coach Bust rating–No rating available","-","-"
"415",15,"Odell Beckham Jr.",NYG,"WR146","8","Coach Upside rating–No rating available","Coach Bust rating–No rating available","4 out of 5 stars","-"
"416",15,"Roschon Johnson",CHI,"RB116","10","Coach Upside rating–No rating available","Coach Bust rating–No rating available","2 out of 5 stars","-"
"417",15,"Terrell Jennings",NE,"RB117","11","Coach Upside rating–No rating available","Coach Bust rating–No rating available","2 out of 5 stars","-"
"418",15,"Jahdae Walker",CHI,"WR147","10","Coach Upside rating–No rating available","Coach Bust rating–No rating available","3 out of 5 stars","-"
"419",15,"Marlin Klein",HOU,"TE59","8","Coach Upside rating–No rating available","Coach Bust rating–No rating available","4 out of 5 stars","-"
"420",15,"Austin Hooper",ATL,"TE60","11","Coach Upside rating–No rating available","Coach Bust rating–No rating available","3 out of 5 stars","-"
"421",15,"Blake Grupe",IND,"K27","13","Coach Upside rating–No rating available","Coach Bust rating–No rating available","4 out of 5 stars","-"
"422",15,"Jameis Winston",NYG,"QB42","8","Coach Upside rating–No rating available","Coach Bust rating–No rating available","4 out of 5 stars","-"
"423",15,"Robert Henry Jr.",WAS,"RB118","7","Coach Upside rating–No rating available","Coach Bust rating–No rating available","4 out of 5 stars","-"
"424",15,"Jake Moody",WAS,"K28","7","Coach Upside rating–No rating available","Coach Bust rating–No rating available","5 out of 5 stars","-"
"425",15,"CJ Daniels",LAR,"WR148","11","Coach Upside rating–No rating available","Coach Bust rating–No rating available","1 out of 5 stars","-"
"426",15,"Charlie Kolar",LAC,"TE61","7","Coach Upside rating–No rating available","Coach Bust rating–No rating available","4 out of 5 stars","-"
"427",15,"Joe Flacco",CIN,"QB43","6","Coach Upside rating–No rating available","Coach Bust rating–No rating available","3 out of 5 stars","-"
"428",15,"Chad Ryland",ARI,"K29","14","Coach Upside rating–No rating available","Coach Bust rating–No rating available","2 out of 5 stars","-"
"429",15,"Zavier Scott",MIN,"RB119","6","Coach Upside rating–No rating available","Coach Bust rating–No rating available","4 out of 5 stars","-"
"430",15,"Darren Waller",FA,"TE62","-","Coach Upside rating–No rating available","Coach Bust rating–No rating available","-","-"
"431",15,"Zach Ertz",FA,"TE63","-","Coach Upside rating–No rating available","Coach Bust rating–No rating available","-","-"
"432",15,"Marcus Mariota",WAS,"QB44","7","Coach Upside rating–No rating available","Coach Bust rating–No rating available","2 out of 5 stars","-"
"433",15,"Damien Martinez",GB,"RB120","11","Coach Upside rating–No rating available","Coach Bust rating–No rating available","4 out of 5 stars","-"
"434",15,"Antonio Gibson",FA,"RB121","-","Coach Upside rating–No rating available","Coach Bust rating–No rating available","-","-"
"435",15,"Joey Slye",TEN,"K30","9","Coach Upside rating–No rating available","Coach Bust rating–No rating available","4 out of 5 stars","-"
"436",15,"Cade Klubnik",NYJ,"QB45","13","Coach Upside rating–No rating available","Coach Bust rating–No rating available","4 out of 5 stars","-"
"437",15,"Nate Boerkircher",JAC,"TE64","7","Coach Upside rating–No rating available","Coach Bust rating–No rating available","3 out of 5 stars","-"
"438",15,"Colbie Young",CIN,"WR149","6","Coach Upside rating–No rating available","Coach Bust rating–No rating available","4 out of 5 stars","-"
"439",15,"Tim Patrick",NYJ,"WR150","13","Coach Upside rating–No rating available","Coach Bust rating–No rating available","4 out of 5 stars","-"
"440",15,"Demarcus Robinson",SF,"WR151","8","Coach Upside rating–No rating available","Coach Bust rating–No rating available","2 out of 5 stars","-"
"441",15,"Frank Gore Jr.",BUF,"RB122","7","Coach Upside rating–No rating available","Coach Bust rating–No rating available","2 out of 5 stars","-"
"442",15,"Joe Milton III",DAL,"QB46","14","Coach Upside rating–No rating available","Coach Bust rating–No rating available","2 out of 5 stars","-"
"443",15,"Drew Sample",CIN,"TE65","6","Coach Upside rating–No rating available","Coach Bust rating–No rating available","3 out of 5 stars","-"
"444",15,"Jake Bobo",SEA,"WR152","11","Coach Upside rating–No rating available","Coach Bust rating–No rating available","3 out of 5 stars","-"
"445",15,"Marquez Valdes-Scantling",DAL,"WR153","14","Coach Upside rating–No rating available","Coach Bust rating–No rating available","2 out of 5 stars","-"
"446",15,"Gardner Minshew II",ARI,"QB47","14","Coach Upside rating–No rating available","Coach Bust rating–No rating available","2 out of 5 stars","-"
"447",15,"Malik Benson",LV,"WR154","13","Coach Upside rating–No rating available","Coach Bust rating–No rating available","2 out of 5 stars","-"
"448",15,"Taysom Hill",FA,"TE66","-","Coach Upside rating–No rating available","Coach Bust rating–No rating available","-","-"
"449",15,"Josh Oliver",MIN,"TE67","6","Coach Upside rating–No rating available","Coach Bust rating–No rating available","4 out of 5 stars","-"
"450",15,"Mitchell Evans",CAR,"TE68","5","Coach Upside rating–No rating available","Coach Bust rating–No rating available","2 out of 5 stars","-"
"451",15,"Mitch Tinsley",CIN,"WR155","6","Coach Upside rating–No rating available","Coach Bust rating–No rating available","4 out of 5 stars","-"
"452",15,"Michael Woods II",FA,"WR156","-","Coach Upside rating–No rating available","Coach Bust rating–No rating available","-","-"
"453",15,"Brandin Cooks",FA,"WR157","-","Coach Upside rating–No rating available","Coach Bust rating–No rating available","-","-"
"454",15,"Riley Leonard",IND,"QB48","13","Coach Upside rating–No rating available","Coach Bust rating–No rating available","4 out of 5 stars","-"
"455",15,"Jacob Saylors",DET,"RB123","6","Coach Upside rating–No rating available","Coach Bust rating–No rating available","5 out of 5 stars","-"
"456",15,"Sione Vaki",DET,"RB124","6","Coach Upside rating–No rating available","Coach Bust rating–No rating available","5 out of 5 stars","-"
"457",15,"Jaret Patterson",LAC,"RB125","7","Coach Upside rating–No rating available","Coach Bust rating–No rating available","3 out of 5 stars","-"
"458",15,"Elijah Higgins",ARI,"TE69","14","Coach Upside rating–No rating available","Coach Bust rating–No rating available","2 out of 5 stars","-"
"459",15,"Tanner McKee",PHI,"QB49","10","Coach Upside rating–No rating available","Coach Bust rating–No rating available","5 out of 5 stars","-"
"460",15,"Hunter Luepke",DAL,"RB126","14","Coach Upside rating–No rating available","Coach Bust rating–No rating available","4 out of 5 stars","-"
"461",15,"Devonte Boyd",FA,"WR158","-","Coach Upside rating–No rating available","Coach Bust rating–No rating available","-","-"
"462",15,"Elijah Moore",PHI,"WR159","10","Coach Upside rating–No rating available","Coach Bust rating–No rating available","4 out of 5 stars","-"
"463",15,"Cash Jones",ATL,"RB127","11","Coach Upside rating–No rating available","Coach Bust rating–No rating available","2 out of 5 stars","-"
"464",15,"Isaiah Williams",NYJ,"WR160","13","Coach Upside rating–No rating available","Coach Bust rating–No rating available","4 out of 5 stars","-"
"465",15,"Luke Schoonmaker",DAL,"TE70","14","Coach Upside rating–No rating available","Coach Bust rating–No rating available","2 out of 5 stars","-"
"466",15,"Roman Wilson",PIT,"WR161","9","Coach Upside rating–No rating available","Coach Bust rating–No rating available","3 out of 5 stars","-"
"467",15,"Donovan Edwards",MIA,"RB128","6","Coach Upside rating–No rating available","Coach Bust rating–No rating available","3 out of 5 stars","-"
"468",15,"Diontae Johnson",FA,"WR162","-","Coach Upside rating–No rating available","Coach Bust rating–No rating available","-","-"
"469",15,"AJ Dillon",CAR,"RB129","5","Coach Upside rating–No rating available","Coach Bust rating–No rating available","1 out of 5 stars","-"
"470",15,"Van Jefferson",WAS,"WR163","7","Coach Upside rating–No rating available","Coach Bust rating–No rating available","2 out of 5 stars","-"
"471",15,"Durham Smythe",BAL,"TE71","13","Coach Upside rating–No rating available","Coach Bust rating–No rating available","4 out of 5 stars","-"
"472",15,"Raheem Mostert",LV,"RB130","13","Coach Upside rating–No rating available","Coach Bust rating–No rating available","2 out of 5 stars","-"
"473",15,"Adam Trautman",DEN,"TE72","10","Coach Upside rating–No rating available","Coach Bust rating–No rating available","4 out of 5 stars","-"
"474",15,"Tyler Lockett",LV,"WR164","13","Coach Upside rating–No rating available","Coach Bust rating–No rating available","2 out of 5 stars","-"
"475",15,"Noah Whittington",HOU,"RB131","8","Coach Upside rating–No rating available","Coach Bust rating–No rating available","4 out of 5 stars","-"
"476",15,"Dean Connors",LAR,"RB132","11","Coach Upside rating–No rating available","Coach Bust rating–No rating available","5 out of 5 stars","-"
"477",15,"Drew Allar",PIT,"QB50","9","Coach Upside rating–No rating available","Coach Bust rating–No rating available","2 out of 5 stars","-"
"478",15,"Miles Davis",CAR,"RB133","5","Coach Upside rating–No rating available","Coach Bust rating–No rating available","1 out of 5 stars","-"
"479",15,"Lil'Jordan Humphrey",DEN,"WR165","10","Coach Upside rating–No rating available","Coach Bust rating–No rating available","2 out of 5 stars","-"
"480",15,"Michael Trigg",DAL,"TE73","14","Coach Upside rating–No rating available","Coach Bust rating–No rating available","2 out of 5 stars","-241"
"481",15,"Tyler Conklin",DET,"TE74","6","Coach Upside rating–No rating available","Coach Bust rating–No rating available","3 out of 5 stars","-"
"482",15,"Miles Sanders",FA,"RB134","-","Coach Upside rating–No rating available","Coach Bust rating–No rating available","-","-"
"483",15,"Tyler Goodson",ATL,"RB135","11","Coach Upside rating–No rating available","Coach Bust rating–No rating available","2 out of 5 stars","-"
"484",15,"Mecole Hardman Jr.",BUF,"WR166","7","Coach Upside rating–No rating available","Coach Bust rating–No rating available","4 out of 5 stars","-"
"485",16,"Myles Montgomery",NE,"RB136","11","Coach Upside rating–No rating available","Coach Bust rating–No rating available","2 out of 5 stars","-"
"486",16,"Ronnie Rivers",LAR,"RB137","11","Coach Upside rating–No rating available","Coach Bust rating–No rating available","5 out of 5 stars","-"
"487",16,"Scotty Miller",CHI,"WR167","10","Coach Upside rating–No rating available","Coach Bust rating–No rating available","3 out of 5 stars","-"
"488",16,"Theo Wease Jr.",MIA,"WR168","6","Coach Upside rating–No rating available","Coach Bust rating–No rating available","3 out of 5 stars","-"
"489",16,"Jackson Hawes",BUF,"TE75","7","Coach Upside rating–No rating available","Coach Bust rating–No rating available","3 out of 5 stars","-"
"490",16,"Kenny McIntosh",SEA,"RB138","11","Coach Upside rating–No rating available","Coach Bust rating–No rating available","4 out of 5 stars","-"
"491",16,"Sam Roush",CHI,"TE76","10","Coach Upside rating–No rating available","Coach Bust rating–No rating available","2 out of 5 stars","-"
"492",16,"Mo Alie-Cox",IND,"TE77","13","Coach Upside rating–No rating available","Coach Bust rating–No rating available","3 out of 5 stars","-"
"493",16,"Quinn Ewers",MIA,"QB51","6","Coach Upside rating–No rating available","Coach Bust rating–No rating available","3 out of 5 stars","-"
"494",16,"Patrick Taylor Jr.",SF,"RB139","8","Coach Upside rating–No rating available","Coach Bust rating–No rating available","2 out of 5 stars","-"
"495",16,"Josh Cameron",JAC,"WR169","7","Coach Upside rating–No rating available","Coach Bust rating–No rating available","4 out of 5 stars","-"