"RK",TIERS,"PLAYER NAME",TEAM,"POS","BYE","SOS","ECR VS ADP"
"1",1,"Ja'Marr Chase",CIN,"WR1","10","3 out of 5 stars","0"
"2",1,"Saquon Barkley",PHI,"RB1","9","3 out of 5 stars","+1"
"3",1,"Bijan Robinson",ATL,"RB2","5","4 out of 5 stars","-1"
"4",1,"CeeDee Lamb",DAL,"WR2","10","2 out of 5 stars","+2"
"5",1,"Jahmyr Gibbs",DET,"RB3","8","2 out of 5 stars","-1"
"6",1,"Justin Jefferson",MIN,"WR3","6","2 out of 5 stars","-1"
"7",2,"Derrick Henry",BAL,"RB4","7","4 out of 5 stars","+5"
"8",2,"Nico Collins",HOU,"WR4","6","4 out of 5 stars","+5"
"9",2,"Brian Thomas Jr.",JAC,"WR5","8","4 out of 5 stars","+5"
"10",2,"Malik Nabers",NYG,"WR6","14","2 out of 5 stars","-3"
"11",2,"Puka Nacua",LAR,"WR7","8","3 out of 5 stars","0"
"12",3,"Amon-Ra St. Brown",DET,"WR8","8","3 out of 5 stars","-4"
"13",3,"Ashton Jeanty",LV,"RB5","8","2 out of 5 stars","-4"
"14",3,"Christian McCaffrey",SF,"RB6","14","3 out of 5 stars","-4"
"15",3,"Jonathan Taylor",IND,"RB7","11","2 out of 5 stars","+5"
"16",3,"Drake London",ATL,"WR9","5","3 out of 5 stars","+3"
"17",3,"A.J. Brown",PHI,"WR10","9","3 out of 5 stars","+4"
"18",3,"Josh Jacobs",GB,"RB8","5","4 out of 5 stars","0"
"19",3,"Brock Bowers",LV,"TE1","8","2 out of 5 stars","-2"
"20",3,"George Kittle",SF,"TE2","14","3 out of 5 stars","+19"
"21",3,"Bucky Irving",TB,"RB9","9","3 out of 5 stars","-5"
"22",3,"De'Von Achane",MIA,"RB10","12","4 out of 5 stars","-7"
"23",4,"Ladd McConkey",LAC,"WR11","12","3 out of 5 stars","+2"
"24",4,"Kyren Williams",LAR,"RB11","8","3 out of 5 stars","+3"
"25",4,"Josh Allen",BUF,"QB1","7","4 out of 5 stars","-2"
"26",4,"Chase Brown",CIN,"RB12","10","4 out of 5 stars","-4"
"27",4,"Lamar Jackson",BAL,"QB2","7","3 out of 5 stars","-3"
"28",4,"Tee Higgins",CIN,"WR12","10","3 out of 5 stars","+6"
"29",4,"Mike Evans",TB,"WR13","9","3 out of 5 stars","+13"
"30",4,"Trey McBride",ARI,"TE3","8","5 out of 5 stars","-4"
"31",4,"James Cook",BUF,"RB13","7","4 out of 5 stars","0"
"32",4,"Jayden Daniels",WAS,"QB3","12","2 out of 5 stars","-4"
"33",4,"Jaxon Smith-Njigba",SEA,"WR14","8","3 out of 5 stars","-3"
"34",4,"Tyreek Hill",MIA,"WR15","12","3 out of 5 stars","-5"
"35",4,"Davante Adams",LAR,"WR16","8","3 out of 5 stars","+9"
"36",5,"Jalen Hurts",PHI,"QB4","9","3 out of 5 stars","+1"
"37",5,"Omarion Hampton",LAC,"RB14","12","2 out of 5 stars","-4"
"38",5,"Kenneth Walker III",SEA,"RB15","8","3 out of 5 stars","+5"
"39",5,"Marvin Harrison Jr.",ARI,"WR17","8","4 out of 5 stars","+2"
"40",5,"Garrett Wilson",NYJ,"WR18","9","4 out of 5 stars","-5"
"41",5,"Terry McLaurin",WAS,"WR19","12","3 out of 5 stars","-1"
"42",5,"Breece Hall",NYJ,"RB16","9","5 out of 5 stars","-10"
"43",5,"DK Metcalf",PIT,"WR20","5","4 out of 5 stars","+5"
"44",5,"Chuba Hubbard",CAR,"RB17","14","3 out of 5 stars","+1"
"45",5,"Joe Burrow",CIN,"QB5","10","2 out of 5 stars","-9"
"46",5,"Courtland Sutton",DEN,"WR21","12","3 out of 5 stars","+3"
"47",5,"James Conner",ARI,"RB18","8","3 out of 5 stars","0"
"48",5,"Jameson Williams",DET,"WR22","8","3 out of 5 stars","+11"
"49",5,"Alvin Kamara",NO,"RB19","11","4 out of 5 stars","-11"
"50",5,"TreVeyon Henderson",NE,"RB20","14","4 out of 5 stars","0"
"51",5,"DJ Moore",CHI,"WR23","5","2 out of 5 stars","-5"
"52",5,"Xavier Worthy",KC,"WR24","10","3 out of 5 stars","+6"
"53",6,"Calvin Ridley",TEN,"WR25","10","4 out of 5 stars","+14"
"54",6,"Tetairoa McMillan",CAR,"WR26","14","4 out of 5 stars","0"
"55",6,"George Pickens",DAL,"WR27","10","2 out of 5 stars","+9"
"56",6,"David Montgomery",DET,"RB21","8","2 out of 5 stars","-1"
"57",6,"DeVonta Smith",PHI,"WR28","9","3 out of 5 stars","-4"
"58",6,"D'Andre Swift",CHI,"RB22","5","3 out of 5 stars","+3"
"59",6,"Zay Flowers",BAL,"WR29","7","3 out of 5 stars","+3"
"60",6,"Sam LaPorta",DET,"TE4","8","3 out of 5 stars","-4"
"61",6,"RJ Harvey",DEN,"RB23","12","2 out of 5 stars","-9"
"62",6,"Tony Pollard",TEN,"RB24","10","2 out of 5 stars","+4"
"63",6,"Isiah Pacheco",KC,"RB25","10","2 out of 5 stars","-3"
"64",6,"Patrick Mahomes II",KC,"QB6","10","3 out of 5 stars","-7"
"65",6,"Jaylen Waddle",MIA,"WR30","12","3 out of 5 stars","+8"
"66",6,"Aaron Jones Sr.",MIN,"RB26","6","3 out of 5 stars","-1"
"67",6,"Mark Andrews",BAL,"TE5","7","3 out of 5 stars","+19"
"68",6,"Baker Mayfield",TB,"QB7","9","2 out of 5 stars","+4"
"69",6,"Bo Nix",DEN,"QB8","12","4 out of 5 stars","+8"
"70",6,"Kaleb Johnson",PIT,"RB27","5","4 out of 5 stars","+5"
"71",7,"Travis Hunter",JAC,"WR31","8","4 out of 5 stars","-2"
"72",7,"T.J. Hockenson",MIN,"TE6","6","3 out of 5 stars","-4"
"73",7,"Tyrone Tracy Jr.",NYG,"RB28","14","3 out of 5 stars","+3"
"74",7,"Rome Odunze",CHI,"WR32","5","2 out of 5 stars","+5"
"75",7,"Ricky Pearsall",SF,"WR33","14","4 out of 5 stars","+10"
"76",7,"Kyler Murray",ARI,"QB9","8","4 out of 5 stars","+18"
"77",7,"Rashee Rice",KC,"WR34","10","3 out of 5 stars","-26"
"78",7,"Jordan Mason",MIN,"RB29","6","3 out of 5 stars","+19"
"79",7,"Chris Olave",NO,"WR35","11","4 out of 5 stars","-5"
"80",7,"Dak Prescott",DAL,"QB10","10","2 out of 5 stars","+23"
"81",7,"Jerry Jeudy",CLE,"WR36","9","2 out of 5 stars","-11"
"82",7,"Travis Kelce",KC,"TE7","10","3 out of 5 stars","-11"
"83",7,"Emeka Egbuka",TB,"WR37","9","3 out of 5 stars","+13"
"84",7,"Jaylen Warren",PIT,"RB30","5","4 out of 5 stars","-6"
"85",7,"Deebo Samuel Sr.",WAS,"WR38","12","3 out of 5 stars","-3"
"86",7,"Jordan Addison",MIN,"WR39","6","2 out of 5 stars","-6"
"87",7,"Brock Purdy",SF,"QB11","14","4 out of 5 stars","+22"
"88",7,"David Njoku",CLE,"TE8","9","3 out of 5 stars","+14"
"89",7,"Jayden Reed",GB,"WR40","5","2 out of 5 stars","+16"
"90",7,"Tucker Kraft",GB,"TE9","5","2 out of 5 stars","+26"
"91",7,"Justin Fields",NYJ,"QB12","9","5 out of 5 stars","+26"
"92",7,"Travis Etienne Jr.",JAC,"RB31","8","2 out of 5 stars","-4"
"93",7,"Matthew Golden",GB,"WR41","5","2 out of 5 stars","-1"
"94",7,"Tank Bigsby",JAC,"RB32","8","2 out of 5 stars","+27"
"95",7,"Jauan Jennings",SF,"WR42","14","4 out of 5 stars","+4"
"96",8,"Zach Charbonnet",SEA,"RB33","8","3 out of 5 stars","-1"
"97",8,"Justin Herbert",LAC,"QB13","12","3 out of 5 stars","+15"
"98",8,"Jakobi Meyers",LV,"WR43","8","4 out of 5 stars","-11"
"99",8,"Tyler Warren",IND,"TE10","11","3 out of 5 stars","+1"
"100",8,"Caleb Williams",CHI,"QB14","5","2 out of 5 stars","+4"
"101",8,"Evan Engram",DEN,"TE11","12","3 out of 5 stars","-11"
"102",8,"Drake Maye",NE,"QB15","14","5 out of 5 stars","+22"
"103",8,"J.K. Dobbins",DEN,"RB34","12","2 out of 5 stars","+8"
"104",8,"Stefon Diggs",NE,"WR44","14","3 out of 5 stars","-20"
"105",8,"Javonte Williams",DAL,"RB35","10","2 out of 5 stars","-4"
"106",8,"Jared Goff",DET,"QB16","8","2 out of 5 stars","-8"
"107",8,"Rhamondre Stevenson",NE,"RB36","14","4 out of 5 stars","0"
"108",8,"Jacory Croskey-Merritt",WAS,"RB37","12","2 out of 5 stars","+90"
"109",8,"Jordan Love",GB,"QB17","5","2 out of 5 stars","+22"
"110",8,"Khalil Shakir",BUF,"WR45","7","3 out of 5 stars","-17"
"111",8,"Trevor Lawrence",JAC,"QB18","8","3 out of 5 stars","+29"
"112",8,"Keon Coleman",BUF,"WR46","7","3 out of 5 stars","+8"
"113",8,"Cam Skattebo",NYG,"RB38","14","3 out of 5 stars","-7"
"114",8,"C.J. Stroud",HOU,"QB19","6","3 out of 5 stars","+16"
"115",8,"Chris Godwin Jr.",TB,"WR47","9","3 out of 5 stars","-32"
"116",8,"Cooper Kupp",SEA,"WR48","8","3 out of 5 stars","-27"
"117",8,"Dallas Goedert",PHI,"TE12","9","3 out of 5 stars","+24"
"118",8,"Dalton Kincaid",BUF,"TE13","7","3 out of 5 stars","+8"
"119",8,"Josh Downs",IND,"WR49","11","4 out of 5 stars","-6"
"120",8,"Kyle Pitts Sr.",ATL,"TE14","5","3 out of 5 stars","+17"
"121",8,"J.J. McCarthy",MIN,"QB20","6","2 out of 5 stars","+12"
"122",8,"Quinshon Judkins",CLE,"RB39","9","4 out of 5 stars","-41"
"123",8,"Darnell Mooney",ATL,"WR50","5","3 out of 5 stars","-1"
"124",8,"Joe Mixon",HOU,"RB40","6","2 out of 5 stars","-61"
"125",8,"Najee Harris",LAC,"RB41","12","2 out of 5 stars","-17"
"126",8,"Michael Pittman Jr.",IND,"WR51","11","4 out of 5 stars","-16"
"127",8,"Braelon Allen",NYJ,"RB42","9","5 out of 5 stars","+20"
"128",9,"Austin Ekeler",WAS,"RB43","12","2 out of 5 stars","+1"
"129",9,"Trey Benson",ARI,"RB44","8","3 out of 5 stars","+7"
"130",9,"Rashid Shaheed",NO,"WR52","11","4 out of 5 stars","+8"
"131",9,"Colston Loveland",CHI,"TE15","5","4 out of 5 stars","-17"
"132",9,"Ray Davis",BUF,"RB45","7","4 out of 5 stars","+11"
"133",9,"Tyjae Spears",TEN,"RB46","10","2 out of 5 stars","-18"
"134",9,"Brandon Aiyuk",SF,"WR53","14","4 out of 5 stars","-15"
"135",9,"Brian Robinson Jr.",SF,"RB47","14","3 out of 5 stars","-44"
"136",9,"Rachaad White",TB,"RB48","9","3 out of 5 stars","-8"
"137",9,"Tua Tagovailoa",MIA,"QB21","12","5 out of 5 stars","+13"
"138",9,"Jake Ferguson",DAL,"TE16","10","2 out of 5 stars","-13"
"139",9,"Christian Kirk",HOU,"WR54","6","4 out of 5 stars","+7"
"140",9,"Tyler Allgeier",ATL,"RB49","5","4 out of 5 stars","+9"
"141",9,"Rashod Bateman",BAL,"WR55","7","3 out of 5 stars","+24"
"142",9,"Nick Chubb",HOU,"RB50","6","2 out of 5 stars","+6"
"143",9,"Bryce Young",CAR,"QB22","14","3 out of 5 stars","+15"
"144",9,"Marvin Mims Jr.",DEN,"WR56","12","3 out of 5 stars","-10"
"145",9,"Jaydon Blue",DAL,"RB51","10","2 out of 5 stars","-22"
"146",9,"Hunter Henry",NE,"TE17","14","3 out of 5 stars","+6"
"147",9,"Michael Penix Jr.",ATL,"QB23","5","4 out of 5 stars","+14"
"148",9,"Bhayshul Tuten",JAC,"RB52","8","2 out of 5 stars","-16"
"149",9,"Luther Burden III",CHI,"WR57","5","2 out of 5 stars","-7"
"150",9,"Jerome Ford",CLE,"RB53","9","4 out of 5 stars","-15"
"151",9,"Dylan Sampson",CLE,"RB54","9","4 out of 5 stars","+3"
"152",9,"Jayden Higgins",HOU,"WR58","6","4 out of 5 stars","-25"
"153",9,"Cedric Tillman",CLE,"WR59","9","2 out of 5 stars","+15"
"154",9,"Denver Broncos",DEN,"DST1","12","4 out of 5 stars","+1"
"155",9,"Jonnu Smith",PIT,"TE18","5","3 out of 5 stars","-37"
"156",9,"Matthew Stafford",LAR,"QB24","8","3 out of 5 stars","+11"
"157",9,"Geno Smith",LV,"QB25","8","3 out of 5 stars","+14"
"158",10,"Keenan Allen",LAC,"WR60","12","3 out of 5 stars","-5"
"159",10,"Romeo Doubs",GB,"WR61","5","2 out of 5 stars","+25"
"160",10,"Isaiah Likely",BAL,"TE19","7","3 out of 5 stars","+13"
"161",10,"Zach Ertz",WAS,"TE20","12","3 out of 5 stars","-5"
"162",10,"Rico Dowdle",CAR,"RB55","14","3 out of 5 stars","-23"
"163",10,"Isaac Guerendo",SF,"RB56","14","3 out of 5 stars","-19"
"164",10,"Marquise Brown",KC,"WR62","10","3 out of 5 stars","-13"
"165",10,"Philadelphia Eagles",PHI,"DST2","9","2 out of 5 stars","-8"
"166",10,"Pittsburgh Steelers",PIT,"DST3","5","3 out of 5 stars","0"
"167",10,"Baltimore Ravens",BAL,"DST4","7","3 out of 5 stars","+19"
"168",10,"Jaylen Wright",MIA,"RB57","12","4 out of 5 stars","-9"
"169",10,"Joshua Palmer",BUF,"WR63","7","3 out of 5 stars","+14"
"170",10,"Minnesota Vikings",MIN,"DST5","6","2 out of 5 stars","+4"
"171",10,"Tre' Harris",LAC,"WR64","12","3 out of 5 stars","-26"
"172",10,"Kyle Williams",NE,"WR65","14","3 out of 5 stars","-3"
"173",10,"DeMario Douglas",NE,"WR66","14","3 out of 5 stars","+8"
"174",10,"Adam Thielen",CAR,"WR67","14","4 out of 5 stars","+2"
"175",10,"Roschon Johnson",CHI,"RB58","5","3 out of 5 stars","+17"
"176",10,"Wan'Dale Robinson",NYG,"WR68","14","2 out of 5 stars","-1"
"177",10,"Houston Texans",HOU,"DST6","6","2 out of 5 stars","+10"
"178",10,"Quentin Johnston",LAC,"WR69","12","3 out of 5 stars","+33"
"179",10,"Buffalo Bills",BUF,"DST7","7","5 out of 5 stars","+21"
"180",10,"Blake Corum",LAR,"RB59","8","3 out of 5 stars","+15"
"181",10,"Brenton Strange",JAC,"TE21","8","3 out of 5 stars","-17"
"182",10,"Sam Darnold",SEA,"QB26","8","4 out of 5 stars","-4"
"183",10,"Cam Ward",TEN,"QB27","10","2 out of 5 stars","-23"
"184",10,"Kansas City Chiefs",KC,"DST8","10","1 out of 5 stars","+21"
"185",10,"Xavier Legette",CAR,"WR70","14","4 out of 5 stars","-6"
"186",10,"Brandon Aubrey",DAL,"K1","10","4 out of 5 stars","+4"
"187",10,"Detroit Lions",DET,"DST9","8","1 out of 5 stars","+15"
"188",10,"Ollie Gordon II",MIA,"RB60","12","4 out of 5 stars","+24"
"189",10,"Jake Bates",DET,"K2","8","1 out of 5 stars","+17"
"190",10,"Cameron Dicker",LAC,"K3","12","5 out of 5 stars","+7"
"191",10,"DeAndre Hopkins",BAL,"WR71","7","3 out of 5 stars","-28"
"192",10,"Seattle Seahawks",SEA,"DST10","8","3 out of 5 stars","+51"
"193",10,"Cade Otton",TB,"TE22","9","3 out of 5 stars","-21"
"194",10,"Los Angeles Rams",LAR,"DST11","8","3 out of 5 stars","+36"
"195",10,"Wil Lutz",DEN,"K4","12","5 out of 5 stars","+56"
"196",10,"Los Angeles Chargers",LAC,"DST12","12","5 out of 5 stars","+71"
"197",11,"Chig Okonkwo",TEN,"TE23","10","3 out of 5 stars","-9"
"198",11,"Alec Pierce",IND,"WR72","11","4 out of 5 stars","+6"
"199",11,"Green Bay Packers",GB,"DST13","5","2 out of 5 stars","+49"
"200",11,"Chase McLaughlin",TB,"K5","9","3 out of 5 stars","+27"
"201",11,"Ka'imi Fairbairn",HOU,"K6","6","3 out of 5 stars","+7"
"202",11,"Will Shipley",PHI,"RB61","9","3 out of 5 stars","-3"
"203",11,"Mike Gesicki",CIN,"TE24","10","2 out of 5 stars","-7"
"204",11,"Woody Marks",HOU,"RB62","6","2 out of 5 stars","+11"
"205",11,"Jalen Coker",CAR,"WR73","14","4 out of 5 stars","+79"
"206",11,"MarShawn Lloyd",GB,"RB63","5","4 out of 5 stars","+10"
"207",11,"Kyle Monangai",CHI,"RB64","5","3 out of 5 stars","-30"
"208",11,"Kendre Miller",NO,"RB65","11","4 out of 5 stars","+51"
"209",11,"Pat Freiermuth",PIT,"TE25","5","3 out of 5 stars","-15"
"210",11,"Chris Boswell",PIT,"K7","5","1 out of 5 stars","+27"
"211",11,"Harrison Butker",KC,"K8","10","3 out of 5 stars","+6"
"212",11,"DJ Giddens",IND,"RB66","11","2 out of 5 stars","-3"
"213",11,"New York Jets",NYJ,"DST14","9","5 out of 5 stars","+43"
"214",11,"Aaron Rodgers",PIT,"QB28","5","4 out of 5 stars","-29"
"215",11,"San Francisco 49ers",SF,"DST15","14","5 out of 5 stars","-22"
"216",11,"Kareem Hunt",KC,"RB67","10","2 out of 5 stars","-25"
"217",11,"Michael Wilson",ARI,"WR74","8","4 out of 5 stars","+16"
"218",11,"Tyler Bass",BUF,"K9","7","2 out of 5 stars","+13"
"219",11,"Evan McPherson",CIN,"K10","10","1 out of 5 stars","+19"
"220",11,"Darius Slayton",NYG,"WR75","14","2 out of 5 stars","+27"
"221",11,"Chris Rodriguez Jr.",WAS,"RB68","12","2 out of 5 stars","+33"
"222",11,"Keaton Mitchell",BAL,"RB69","7","4 out of 5 stars","+3"
"223",11,"Adonai Mitchell",IND,"WR76","11","4 out of 5 stars","+18"
"224",11,"Jack Bech",LV,"WR77","8","4 out of 5 stars","-62"
"225",11,"Miles Sanders",DAL,"RB70","10","2 out of 5 stars","-3"
"226",11,"Jake Elliott",PHI,"K11","9","2 out of 5 stars","+20"
"227",11,"Mason Taylor",NYJ,"TE26","9","3 out of 5 stars","-47"
"228",11,"Pat Bryant",DEN,"WR78","12","3 out of 5 stars","-18"
"229",11,"Jalen McMillan",TB,"WR79","9","3 out of 5 stars","-59"
"230",11,"Andrei Iosivas",CIN,"WR80","10","3 out of 5 stars","+56"
"231",11,"Calvin Austin III",PIT,"WR81","5","4 out of 5 stars","+60"
"232",11,"Dalton Schultz",HOU,"TE27","6","3 out of 5 stars","-29"
"233",11,"Jaylin Noel",HOU,"WR82","6","4 out of 5 stars","-4"
"234",11,"Justice Hill",BAL,"RB71","7","4 out of 5 stars","-52"
"235",11,"Elic Ayomanor",TEN,"WR83","10","4 out of 5 stars","+28"
"236",11,"Dontayvion Wicks",GB,"WR84","5","2 out of 5 stars","+35"
"237",11,"Jason Sanders",MIA,"K12","12","2 out of 5 stars","+15"
"238",11,"Tahj Brooks",CIN,"RB72","10","4 out of 5 stars","-12"
"239",11,"Matt Gay",WAS,"K13","12","3 out of 5 stars","+42"
"240",11,"Juwan Johnson",NO,"TE28","11","3 out of 5 stars","-4"
"241",11,"Elijah Arroyo",SEA,"TE29","8","4 out of 5 stars","-23"
"242",11,"Tyler Lockett",TEN,"WR85","10","4 out of 5 stars","+26"
"243",11,"Jarquez Hunter",LAR,"RB73","8","3 out of 5 stars","-42"
"244",11,"Daniel Jones",IND,"QB29","11","3 out of 5 stars","-25"
"245",12,"Ja'Tavion Sanders",CAR,"TE30","14","4 out of 5 stars","-24"
"246",12,"Younghoe Koo",ATL,"K14","5","4 out of 5 stars","+44"
"247",12,"Dyami Brown",JAC,"WR86","8","4 out of 5 stars","+13"
"248",12,"Sean Tucker",TB,"RB74","9","3 out of 5 stars","+29"
"249",12,"Dallas Cowboys",DAL,"DST16","10","0 out of 5 stars","+13"
"250",12,"Devin Neal",NO,"RB75","11","4 out of 5 stars","-15"
"251",12,"Jalen Royals",KC,"WR87","10","3 out of 5 stars","-17"
"252",12,"Roman Wilson",PIT,"WR88","5","4 out of 5 stars","-3"
"253",12,"Tampa Bay Buccaneers",TB,"DST17","9","3 out of 5 stars","-3"
"254",12,"Dont'e Thornton Jr.",LV,"WR89","8","4 out of 5 stars","-22"
"255",12,"Russell Wilson",NYG,"QB30","14","1 out of 5 stars","-48"
"256",12,"Tory Horton",SEA,"WR90","8","3 out of 5 stars","+10"
"257",12,"Brashard Smith",KC,"RB76","10","2 out of 5 stars","-44"
"258",12,"Cole Kmet",CHI,"TE31","5","4 out of 5 stars","-16"
"259",12,"Raheem Mostert",LV,"RB77","8","2 out of 5 stars","-6"
"260",12,"Elijah Mitchell",KC,"RB78","10","2 out of 5 stars","+1"
"261",12,"Isaac TeSlaa",DET,"WR91","8","3 out of 5 stars","-17"
"262",12,"Dameon Pierce",HOU,"RB79","6","2 out of 5 stars","+36"
"263",12,"Devaughn Vele",NO,"WR92","11","4 out of 5 stars","+81"
"264",12,"Jalen Tolbert",DAL,"WR93","10","2 out of 5 stars","+44"
"265",12,"Joshua Karty",LAR,"K15","8","2 out of 5 stars","+72"
"266",12,"Theo Johnson",NYG,"TE32","14","2 out of 5 stars","-8"
"267",12,"Jaleel McLaughlin",DEN,"RB80","12","2 out of 5 stars","+3"
"268",12,"Devin Singletary",NYG,"RB81","14","3 out of 5 stars","+29"
"269",12,"Trevor Etienne",CAR,"RB82","14","3 out of 5 stars","-4"
"270",12,"Anthony Richardson Sr.",IND,"QB31","11","3 out of 5 stars","-81"
"271",12,"Noah Gray",KC,"TE33","10","3 out of 5 stars","+5"
"272",12,"Diontae Johnson",CLE,"WR94","9","2 out of 5 stars","+27"
"273",12,"Joe Flacco",CLE,"QB32","9","2 out of 5 stars","-33"
"274",12,"Nick Westbrook-Ikhine",MIA,"WR95","12","3 out of 5 stars","-"
"275",12,"Brandin Cooks",NO,"WR96","11","4 out of 5 stars","+13"
"276",12,"Kayshon Boutte",NE,"WR97","14","3 out of 5 stars","+25"
"277",12,"Ty Johnson",BUF,"RB83","7","4 out of 5 stars","+38"
"278",12,"Kenneth Gainwell",PIT,"RB84","5","4 out of 5 stars","+62"
"279",12,"Malik Washington",MIA,"WR98","12","3 out of 5 stars","+27"
"280",12,"Darren Waller",MIA,"TE34","12","3 out of 5 stars","-56"
"281",12,"Audric Estime",FA,"RB85","-","-","+24"
"282",12,"Elijah Moore",BUF,"WR99","7","3 out of 5 stars","+63"
"283",12,"Antonio Gibson",NE,"RB86","14","4 out of 5 stars","+9"
"284",12,"Tre Tucker",LV,"WR100","8","4 out of 5 stars","+48"
"285",12,"Harold Fannin Jr.",CLE,"TE35","9","3 out of 5 stars","-11"
"286",12,"Jalen Nailor",MIN,"WR101","6","2 out of 5 stars","+50"
"287",12,"Isaiah Davis",NYJ,"RB87","9","5 out of 5 stars","+62"
"288",12,"Chicago Bears",CHI,"DST18","5","2 out of 5 stars","+12"
"289",12,"Jordan James",SF,"RB88","14","3 out of 5 stars","-25"
"290",12,"Cleveland Browns",CLE,"DST19","9","3 out of 5 stars","+13"
"291",12,"Tyler Loop",BAL,"K16","7","2 out of 5 stars","-36"
"292",12,"Jaxson Dart",NYG,"QB33","14","1 out of 5 stars","-78"
"293",12,"Will Reichard",MIN,"K17","6","0 out of 5 stars","+28"
"294",12,"Taysom Hill",NO,"TE36","11","3 out of 5 stars","+10"
"295",13,"Tyler Shough",NO,"QB34","11","5 out of 5 stars","-72"
"296",13,"Daniel Carlson",LV,"K18","8","3 out of 5 stars","+13"
"297",13,"Emanuel Wilson",GB,"RB89","5","4 out of 5 stars","+42"
"298",13,"Tim Patrick",DET,"WR102","8","3 out of 5 stars","-"
"299",13,"Khalil Herbert",IND,"RB90","11","2 out of 5 stars","+27"
"300",13,"Christian Watson",GB,"WR103","5","2 out of 5 stars","+16"
"301",13,"Terrance Ferguson",LAR,"TE37","8","4 out of 5 stars","-44"
"302",13,"Amari Cooper",LV,"WR104","8","4 out of 5 stars","-57"
"303",13,"Parker Washington",JAC,"WR105","8","4 out of 5 stars","+47"
"304",13,"Kimani Vidal",LAC,"RB91","12","2 out of 5 stars","+48"
"305",13,"Damien Martinez",SEA,"RB92","8","3 out of 5 stars","+26"
"306",13,"New England Patriots",NE,"DST20","14","4 out of 5 stars","-28"
"307",13,"Sincere McCormick",LV,"RB93","8","2 out of 5 stars","-"
"308",13,"Luke McCaffrey",WAS,"WR106","12","3 out of 5 stars","-"
"309",13,"Ray-Ray McCloud III",ATL,"WR107","5","3 out of 5 stars","-22"
"310",13,"Xavier Restrepo",TEN,"WR108","10","4 out of 5 stars","-14"
"311",13,"Troy Franklin",DEN,"WR109","12","3 out of 5 stars","-22"
"312",13,"Chris Brooks",GB,"RB94","5","4 out of 5 stars","-"
"313",13,"Noah Fant",CIN,"TE38","10","2 out of 5 stars","-6"
"314",13,"Arizona Cardinals",ARI,"DST21","8","4 out of 5 stars","-29"
"315",13,"Jermaine Burton",CIN,"WR110","10","3 out of 5 stars","+31"
"316",13,"Phil Mafah",DAL,"RB95","10","2 out of 5 stars","+37"
"317",13,"Tyler Higbee",LAR,"TE39","8","4 out of 5 stars","+6"
"318",13,"Tutu Atwell",LAR,"WR111","8","3 out of 5 stars","-1"
"319",13,"Oronde Gadsden II",LAC,"TE40","12","3 out of 5 stars","-8"
"320",13,"Ty Chandler",MIN,"RB96","6","3 out of 5 stars","-"
"321",13,"Shedeur Sanders",CLE,"QB35","9","2 out of 5 stars","-93"
"322",13,"Raheim Sanders",LAC,"RB97","12","2 out of 5 stars","-"
"323",13,"Samaje Perine",CIN,"RB98","10","4 out of 5 stars","-9"
"324",13,"Zamir White",LV,"RB99","8","2 out of 5 stars","-"
"325",13,"Tez Johnson",TB,"WR112","9","3 out of 5 stars","-"
"326",13,"Ben Sinnott",WAS,"TE41","12","3 out of 5 stars","-13"
"327",13,"Jason Myers",SEA,"K19","8","5 out of 5 stars","-"
"328",13,"Josh Reynolds",NYJ,"WR113","9","4 out of 5 stars","-"
"329",13,"Spencer Rattler",NO,"QB36","11","5 out of 5 stars","-46"
"330",13,"A.J. Dillon",PHI,"RB100","9","3 out of 5 stars","-36"
"331",13,"Jordan Whittington",LAR,"WR114","8","3 out of 5 stars","-21"
"332",13,"KaVontae Turpin",DAL,"WR115","10","2 out of 5 stars","+9"
"333",13,"Will Dissly",LAC,"TE42","12","3 out of 5 stars","-"
"334",13,"Tyler Conklin",LAC,"TE43","12","3 out of 5 stars","-61"
"335",13,"Noah Brown",WAS,"WR116","12","3 out of 5 stars","-23"
"336",13,"Demarcus Robinson",SF,"WR117","14","4 out of 5 stars","+2"
"337",13,"Cam Little",JAC,"K20","8","5 out of 5 stars","-57"
"338",13,"Brandon McManus",GB,"K21","5","3 out of 5 stars","-63"
"339",13,"KeAndre Lambert-Smith",LAC,"WR118","12","3 out of 5 stars","-21"
"340",13,"Zack Moss",FA,"RB101","-","-","-71"
"341",13,"Gabe Davis",FA,"WR119","-","-","-"
"342",13,"New York Giants",NYG,"DST22","14","1 out of 5 stars","-103"
"343",13,"Jalen Milroe",SEA,"QB37","8","4 out of 5 stars","-50"
"344",13,"Dawson Knox",BUF,"TE44","7","3 out of 5 stars","-"
"345",13,"Miami Dolphins",MIA,"DST23","12","2 out of 5 stars","-73"
"346",14,"Marquez Valdes-Scantling",SEA,"WR120","8","3 out of 5 stars","-16"
"347",14,"Michael Mayer",LV,"TE45","8","2 out of 5 stars","-"
"348",14,"AJ Barner",SEA,"TE46","8","4 out of 5 stars","-"
"349",14,"Jaylin Lane",WAS,"WR121","12","3 out of 5 stars","-2"
"350",14,"Jake Moody",SF,"K22","14","5 out of 5 stars","-22"
"351",14,"Cam Akers",FA,"RB102","-","-","-9"
"352",14,"Tai Felton",MIN,"WR122","6","2 out of 5 stars","-4"
"353",14,"Isaiah Bond",CLE,"WR123","9","2 out of 5 stars","-18"
"354",14,"John Metchie III",PHI,"WR124","9","3 out of 5 stars","-"
"355",14,"Luke Musgrave",GB,"TE47","5","2 out of 5 stars","-"
"356",14,"Olamide Zaccheaus",CHI,"WR125","5","2 out of 5 stars","-61"
"357",14,"Kirk Cousins",ATL,"QB38","5","4 out of 5 stars","-75"
"358",14,"Justin Tucker",FA,"K23","-","-","-"
"359",14,"Allen Lazard",NYJ,"WR126","9","4 out of 5 stars","-"
"360",14,"Kalel Mullings",TEN,"RB103","10","2 out of 5 stars","-"
"361",14,"Washington Commanders",WAS,"DST24","12","4 out of 5 stars","-141"
"362",14,"Savion Williams",GB,"WR127","5","2 out of 5 stars","-"
"363",14,"Chimere Dike",TEN,"WR128","10","4 out of 5 stars","-"
"364",14,"Donovan Edwards",NYJ,"RB104","9","5 out of 5 stars","-"
"365",14,"Austin Hooper",NE,"TE48","14","3 out of 5 stars","-"
"366",14,"Gunnar Helm",TEN,"TE49","10","3 out of 5 stars","-"
"367",14,"Curtis Samuel",BUF,"WR129","7","3 out of 5 stars","-34"
"368",14,"Emari Demercado",ARI,"RB105","8","3 out of 5 stars","-"
"369",14,"Gus Edwards",FA,"RB106","-","-","-"
"370",14,"Mack Hollins",NE,"WR130","14","3 out of 5 stars","-"
"371",14,"Zay Jones",ARI,"WR131","8","4 out of 5 stars","-"
"372",14,"LeQuint Allen Jr.",JAC,"RB107","8","2 out of 5 stars","-29"
"373",14,"Van Jefferson",TEN,"WR132","10","4 out of 5 stars","-"
"374",14,"Jameis Winston",NYG,"QB39","14","1 out of 5 stars","-23"
"375",14,"Jimmy Garoppolo",LAR,"QB40","8","3 out of 5 stars","-73"
"376",14,"Foster Moreau",NO,"TE50","11","3 out of 5 stars","-"
"377",14,"Dillon Gabriel",CLE,"QB41","9","2 out of 5 stars","-"
"378",14,"Trey Sermon",PIT,"RB108","5","4 out of 5 stars","-"
"379",14,"Jahan Dotson",PHI,"WR133","9","3 out of 5 stars","-"
"380",14,"Greg Dortch",ARI,"WR134","8","4 out of 5 stars","-"
"381",14,"Kenny Pickett",CLE,"QB42","9","2 out of 5 stars","-"
"382",14,"Hunter Renfrow",CAR,"WR135","14","4 out of 5 stars","-"
"383",14,"Cade Stover",HOU,"TE51","6","3 out of 5 stars","-"
"384",14,"Chad Ryland",ARI,"K24","8","3 out of 5 stars","-"
"385",14,"Indianapolis Colts",IND,"DST25","11","4 out of 5 stars","-66"
"386",14,"Jacob Cowing",SF,"WR136","14","4 out of 5 stars","-"
"387",14,"Tank Dell",HOU,"WR137","6","4 out of 5 stars","-"
"388",14,"Robert Woods",PIT,"WR138","5","4 out of 5 stars","-"
"389",14,"Kyle Juszczyk",SF,"RB109","14","3 out of 5 stars","-"
"390",14,"Craig Reynolds",DET,"RB110","8","2 out of 5 stars","-"
"391",14,"Cairo Santos",CHI,"K25","5","1 out of 5 stars","-"
"392",14,"Efton Chism III",NE,"WR139","14","3 out of 5 stars","-67"
"393",14,"Luke Schoonmaker",DAL,"TE52","10","2 out of 5 stars","-"
"394",14,"Tommy Tremble",CAR,"TE53","14","4 out of 5 stars","-"
"395",14,"Jeremy McNichols",WAS,"RB111","12","2 out of 5 stars","-"
"396",14,"Clyde Edwards-Helaire",NO,"RB112","11","4 out of 5 stars","-"
"397",14,"Eddy Pineiro",FA,"K26","-","-","-"
"398",14,"Atlanta Falcons",ATL,"DST26","5","3 out of 5 stars","-"
"399",14,"Blake Grupe",NO,"K27","11","5 out of 5 stars","-"
"400",14,"Jamari Thrash",CLE,"WR140","9","2 out of 5 stars","-"
"401",14,"Antwane Wells Jr.",NYG,"WR141","14","2 out of 5 stars","-"
"402",14,"Josh Oliver",MIN,"TE54","6","3 out of 5 stars","-"
"403",15,"Theo Wease Jr.",MIA,"WR142","12","3 out of 5 stars","-"
"404",15,"Cincinnati Bengals",CIN,"DST27","10","2 out of 5 stars","-82"
"405",15,"Tyrod Taylor",NYJ,"QB43","9","5 out of 5 stars","-"
"406",15,"JuJu Smith-Schuster",KC,"WR143","10","3 out of 5 stars","-"
"407",15,"Jonathon Brooks",CAR,"RB113","14","3 out of 5 stars","-"
"408",15,"Tyler Goodson",IND,"RB114","11","2 out of 5 stars","-"
"409",15,"Mason Rudolph",PIT,"QB44","5","4 out of 5 stars","-"
"410",15,"Jordan Watkins",SF,"WR144","14","4 out of 5 stars","-"
"411",15,"Matt Prater",FA,"K28","-","-","-"
"412",15,"Devontez Walker",BAL,"WR145","7","3 out of 5 stars","-"
"413",15,"Graham Gano",NYG,"K29","14","0 out of 5 stars","-"
"414",15,"Arian Smith",NYJ,"WR146","9","4 out of 5 stars","-"
"415",15,"D'Ernest Johnson",BAL,"RB115","7","4 out of 5 stars","-"
"416",15,"Jalin Hyatt",NYG,"WR147","14","2 out of 5 stars","-"
"417",15,"Kendrick Bourne",NE,"WR148","14","3 out of 5 stars","-"
"418",15,"Pierre Strong Jr.",CLE,"RB116","9","4 out of 5 stars","-"
"419",15,"Ja'Quinden Jackson",JAC,"RB117","8","2 out of 5 stars","-"
"420",15,"Grant Calcaterra",PHI,"TE55","9","3 out of 5 stars","-"
"421",15,"Jeremy Ruckert",NYJ,"TE56","9","3 out of 5 stars","-"
"422",15,"Joe Milton III",DAL,"QB45","10","2 out of 5 stars","-"
"423",15,"Stone Smartt",NYJ,"TE57","9","3 out of 5 stars","-"
"424",15,"Carson Steele",KC,"RB118","10","2 out of 5 stars","-"
"425",15,"Mitchell Evans",CAR,"TE58","14","4 out of 5 stars","-"
"426",15,"Julius Chestnut",TEN,"RB119","10","2 out of 5 stars","-"
"427",15,"New Orleans Saints",NO,"DST28","11","4 out of 5 stars","-100"
"428",15,"Jacksonville Jaguars",JAC,"DST29","8","4 out of 5 stars","-104"
"429",15,"Dare Ogunbowale",HOU,"RB120","6","2 out of 5 stars","-"
"430",15,"Xavier Hutchinson",HOU,"WR149","6","4 out of 5 stars","-"
"431",15,"Greg Dulcich",NYG,"TE59","14","2 out of 5 stars","-"
"432",15,"Las Vegas Raiders",LV,"DST30","8","4 out of 5 stars","-112"
"433",15,"Nick Folk",NYJ,"K30","9","2 out of 5 stars","-"
"434",15,"Elijah Higgins",ARI,"TE60","8","5 out of 5 stars","-"
"435",15,"Skyy Moore",SF,"WR150","14","4 out of 5 stars","-"
"436",15,"Malachi Corley",NYJ,"WR151","9","4 out of 5 stars","-"
"437",15,"Matthew Wright",FA,"K31","-","-","-"
"438",15,"Spencer Shrader",IND,"K32","11","5 out of 5 stars","-"
"439",15,"Malik Willis",GB,"QB46","5","2 out of 5 stars","-"
"440",15,"Jonathan Mingo",DAL,"WR152","10","2 out of 5 stars","-"
"441",15,"Tyler Johnson",NYJ,"WR153","9","4 out of 5 stars","-"
"442",15,"Dylan Laube",LV,"RB121","8","2 out of 5 stars","-"
"443",15,"Tyler Badie",DEN,"RB122","12","2 out of 5 stars","-"
"444",15,"Javon Baker",NE,"WR154","14","3 out of 5 stars","-"
"445",15,"Tyquan Thornton",KC,"WR155","10","3 out of 5 stars","-"
"446",15,"Mitchell Tinsley",CIN,"WR156","10","3 out of 5 stars","-112"
"447",15,"Jimmy Horn Jr.",CAR,"WR157","14","4 out of 5 stars","-"
"448",15,"Aidan O'Connell",LV,"QB47","8","3 out of 5 stars","-"
"449",15,"Sione Vaki",DET,"RB123","8","2 out of 5 stars","-"
"450",15,"Hassan Haskins",LAC,"RB124","12","2 out of 5 stars","-"
"451",15,"Jake Bobo",SEA,"WR158","8","3 out of 5 stars","-"
"452",15,"George Holani",SEA,"RB125","8","3 out of 5 stars","-"
"453",15,"Deshaun Watson",CLE,"QB48","9","2 out of 5 stars","-"
"454",15,"Sterling Shepard",TB,"WR159","9","3 out of 5 stars","-"
"455",15,"Darnell Washington",PIT,"TE61","5","3 out of 5 stars","-"
"456",15,"Jake Haener",NO,"QB49","11","5 out of 5 stars","-"
"457",15,"Kalif Raymond",DET,"WR160","8","3 out of 5 stars","-"
"458",15,"Chris Tyree",NO,"RB126","11","4 out of 5 stars","-"
"459",15,"Alec Ingold",MIA,"RB127","12","4 out of 5 stars","-"
"460",15,"KhaDarel Hodge",ATL,"WR161","5","3 out of 5 stars","-"
"461",15,"Zach Wilson",MIA,"QB50","12","5 out of 5 stars","-"
"462",15,"Josh Whyle",TEN,"TE62","10","3 out of 5 stars","-"
"463",15,"Marcus Yarns",NO,"RB128","11","4 out of 5 stars","-"
"464",15,"Luke Lachey",HOU,"TE63","6","3 out of 5 stars","-"
"465",15,"Julian Hill",MIA,"TE64","12","3 out of 5 stars","-"
"466",15,"Casey Washington",ATL,"WR162","5","3 out of 5 stars","-"
"467",15,"Cordarrelle Patterson",FA,"RB129","-","-","-"
"468",15,"Marcus Mariota",WAS,"QB51","12","2 out of 5 stars","-"
"469",15,"K.J. Osborn",WAS,"WR163","12","3 out of 5 stars","-"
"470",15,"Jacoby Brissett",ARI,"QB52","8","4 out of 5 stars","-"
"471",15,"Will Howard",PIT,"QB53","5","4 out of 5 stars","-"
"472",15,"Michael Carter",ARI,"RB130","8","3 out of 5 stars","-"
"473",15,"Zavier Scott",MIN,"WR164","6","2 out of 5 stars","-"
"474",15,"Sam Howell",PHI,"QB54","9","3 out of 5 stars","-"
"475",15,"Carlos Washington Jr.",ATL,"RB131","5","4 out of 5 stars","-"
"476",15,"Gardner Minshew II",KC,"QB55","10","3 out of 5 stars","-"
"477",15,"Lucky Jackson",MIN,"WR165","6","2 out of 5 stars","-"
"478",16,"Jase McClellan",TB,"RB132","9","3 out of 5 stars","-"
"479",16,"Deuce Vaughn",DAL,"RB133","10","2 out of 5 stars","-"
"480",16,"Hunter Luepke",DAL,"RB134","10","2 out of 5 stars","-"
"481",16,"Daniel Bellinger",NYG,"TE65","14","2 out of 5 stars","-"
"482",16,"Colby Parkinson",LAR,"TE66","8","4 out of 5 stars","-"
"483",16,"Patrick Ricard",BAL,"RB135","7","4 out of 5 stars","-"
"484",16,"Ronnie Rivers",LAR,"RB136","8","3 out of 5 stars","-"
"485",16,"Hunter Long",JAC,"TE67","8","3 out of 5 stars","-"
"486",16,"Jelani Woods",IND,"TE68","11","3 out of 5 stars","-"
"487",16,"Rasheen Ali",BAL,"RB137","7","4 out of 5 stars","-"
"488",16,"Adam Trautman",DEN,"TE69","12","3 out of 5 stars","-"
"489",16,"Jeff Wilson Jr.",SF,"RB138","14","3 out of 5 stars","-"
"490",16,"Tyson Bagent",CHI,"QB56","5","2 out of 5 stars","-"
"491",16,"Cooper Rush",BAL,"QB57","7","3 out of 5 stars","-"
"492",16,"Drew Lock",SEA,"QB58","8","4 out of 5 stars","-"
"493",16,"Kylen Granson",PHI,"TE70","9","3 out of 5 stars","-"
"494",16,"Brock Wright",DET,"TE71","8","3 out of 5 stars","-"
"495",16,"DeeJay Dallas",ARI,"RB139","8","3 out of 5 stars","-"
"496",16,"Thomas Fidone II",NYG,"TE72","14","2 out of 5 stars","-"
"497",16,"Trent Sherfield Sr.",DEN,"WR166","12","3 out of 5 stars","-"
"498",16,"John Bates",WAS,"TE73","12","3 out of 5 stars","-"
"499",16,"C.J. Ham",MIN,"RB140","6","3 out of 5 stars","-"
"500",16,"Michael Burton",DEN,"RB141","12","2 out of 5 stars","-"
"501",16,"Jake Browning",CIN,"QB59","10","2 out of 5 stars","-"
"502",16,"Harrison Bryant",HOU,"TE74","6","3 out of 5 stars","-"
"503",16,"Tylan Wallace",BAL,"WR167","7","3 out of 5 stars","-"
"504",16,"Charlie Woerner",ATL,"TE75","5","3 out of 5 stars","-"
"505",16,"Luke Farrell",SF,"TE76","14","3 out of 5 stars","-"
"506",16,"Andrew Beck",NYJ,"TE77","9","3 out of 5 stars","-"
"507",16,"David Moore",CAR,"WR168","14","4 out of 5 stars","-"
"508",16,"Mo Alie-Cox",IND,"TE78","11","3 out of 5 stars","-"
"509",16,"Cedrick Wilson Jr.",NO,"WR169","11","4 out of 5 stars","-"
"510",16,"Derius Davis",LAC,"WR170","12","3 out of 5 stars","-"
"511",16,"Kyle Trask",FA,"QB60","-","-","-"
"512",16,"Jakob Johnson",HOU,"RB142","6","2 out of 5 stars","-"
"513",16,"Charlie Kolar",BAL,"TE79","7","3 out of 5 stars","-"